municipio,departamento,votos,candidato
El Encanto,Amazonas,107,Iván Duque
El Encanto,Amazonas,181,Gustavo Petro
La Chorrera,Amazonas,78,Iván Duque
La Chorrera,Amazonas,482,Gustavo Petro
La Pedrera,Amazonas,66,Iván Duque
La Pedrera,Amazonas,182,Gustavo Petro
La Victoria,Amazonas,5,Iván Duque
La Victoria,Amazonas,11,Gustavo Petro
Leticia,Amazonas,8536,Iván Duque
Leticia,Amazonas,6676,Gustavo Petro
Miriti Parana,Amazonas,12,Iván Duque
Miriti Parana,Amazonas,72,Gustavo Petro
Puerto Alegria,Amazonas,32,Iván Duque
Puerto Alegria,Amazonas,40,Gustavo Petro
Puerto Arica,Amazonas,58,Iván Duque
Puerto Arica,Amazonas,84,Gustavo Petro
Puerto Nariño,Amazonas,874,Iván Duque
Puerto Nariño,Amazonas,1207,Gustavo Petro
Puerto Santander,Amazonas,48,Iván Duque
Puerto Santander,Amazonas,115,Gustavo Petro
Tarapaca,Amazonas,146,Iván Duque
Tarapaca,Amazonas,274,Gustavo Petro
Abejorral,Antioquia,6572,Iván Duque
Abejorral,Antioquia,547,Gustavo Petro
Abriaqui,Antioquia,975,Iván Duque
Abriaqui,Antioquia,43,Gustavo Petro
Alejandria,Antioquia,2018,Iván Duque
Alejandria,Antioquia,216,Gustavo Petro
Amaga,Antioquia,8193,Iván Duque
Amaga,Antioquia,1715,Gustavo Petro
Amalfi,Antioquia,5162,Iván Duque
Amalfi,Antioquia,760,Gustavo Petro
Andes,Antioquia,14272,Iván Duque
Andes,Antioquia,2021,Gustavo Petro
Angelopolis,Antioquia,2284,Iván Duque
Angelopolis,Antioquia,268,Gustavo Petro
Angostura,Antioquia,2810,Iván Duque
Angostura,Antioquia,276,Gustavo Petro
Anori,Antioquia,2217,Iván Duque
Anori,Antioquia,826,Gustavo Petro
Antioquia,Antioquia,7737,Iván Duque
Antioquia,Antioquia,1770,Gustavo Petro
Anza,Antioquia,2609,Iván Duque
Anza,Antioquia,201,Gustavo Petro
Apartado,Antioquia,19492,Iván Duque
Apartado,Antioquia,21472,Gustavo Petro
Arboletes,Antioquia,6759,Iván Duque
Arboletes,Antioquia,4117,Gustavo Petro
Argelia,Antioquia,3124,Iván Duque
Argelia,Antioquia,134,Gustavo Petro
Armenia,Antioquia,1739,Iván Duque
Armenia,Antioquia,215,Gustavo Petro
Barbosa,Antioquia,14540,Iván Duque
Barbosa,Antioquia,4375,Gustavo Petro
Bello,Antioquia,125307,Iván Duque
Bello,Antioquia,41642,Gustavo Petro
Belmira,Antioquia,1904,Iván Duque
Belmira,Antioquia,222,Gustavo Petro
Betania,Antioquia,3161,Iván Duque
Betania,Antioquia,287,Gustavo Petro
Betulia,Antioquia,5784,Iván Duque
Betulia,Antioquia,295,Gustavo Petro
Bolivar,Antioquia,10044,Iván Duque
Bolivar,Antioquia,1161,Gustavo Petro
Briceño,Antioquia,1360,Iván Duque
Briceño,Antioquia,600,Gustavo Petro
Buritica,Antioquia,2211,Iván Duque
Buritica,Antioquia,518,Gustavo Petro
Caceres,Antioquia,2853,Iván Duque
Caceres,Antioquia,2461,Gustavo Petro
Caicedo,Antioquia,2659,Iván Duque
Caicedo,Antioquia,325,Gustavo Petro
Caldas,Antioquia,24691,Iván Duque
Caldas,Antioquia,8580,Gustavo Petro
Campamento,Antioquia,1581,Iván Duque
Campamento,Antioquia,252,Gustavo Petro
Caracoli,Antioquia,1448,Iván Duque
Caracoli,Antioquia,298,Gustavo Petro
Caramanta,Antioquia,1947,Iván Duque
Caramanta,Antioquia,352,Gustavo Petro
Carepa,Antioquia,8774,Iván Duque
Carepa,Antioquia,8462,Gustavo Petro
Carmen De Viboral,Antioquia,16807,Iván Duque
Carmen De Viboral,Antioquia,5363,Gustavo Petro
Carolina,Antioquia,1515,Iván Duque
Carolina,Antioquia,239,Gustavo Petro
Caucasia,Antioquia,16151,Iván Duque
Caucasia,Antioquia,11997,Gustavo Petro
Cañasgordas,Antioquia,6434,Iván Duque
Cañasgordas,Antioquia,521,Gustavo Petro
Chigorodo,Antioquia,9167,Iván Duque
Chigorodo,Antioquia,9220,Gustavo Petro
Cisneros,Antioquia,3902,Iván Duque
Cisneros,Antioquia,764,Gustavo Petro
Cocorna,Antioquia,6749,Iván Duque
Cocorna,Antioquia,628,Gustavo Petro
Concepcion,Antioquia,1974,Iván Duque
Concepcion,Antioquia,168,Gustavo Petro
Concordia,Antioquia,6120,Iván Duque
Concordia,Antioquia,500,Gustavo Petro
Copacabana,Antioquia,24052,Iván Duque
Copacabana,Antioquia,9368,Gustavo Petro
Dabeiba,Antioquia,4581,Iván Duque
Dabeiba,Antioquia,1672,Gustavo Petro
Don Matias,Antioquia,7706,Iván Duque
Don Matias,Antioquia,898,Gustavo Petro
Ebejico,Antioquia,4599,Iván Duque
Ebejico,Antioquia,478,Gustavo Petro
El Bagre,Antioquia,7883,Iván Duque
El Bagre,Antioquia,3902,Gustavo Petro
Entrerrios,Antioquia,3764,Iván Duque
Entrerrios,Antioquia,540,Gustavo Petro
Envigado,Antioquia,109059,Iván Duque
Envigado,Antioquia,26041,Gustavo Petro
Fredonia,Antioquia,5940,Iván Duque
Fredonia,Antioquia,1375,Gustavo Petro
Frontino,Antioquia,4276,Iván Duque
Frontino,Antioquia,1410,Gustavo Petro
Giraldo,Antioquia,1752,Iván Duque
Giraldo,Antioquia,533,Gustavo Petro
Girardota,Antioquia,16322,Iván Duque
Girardota,Antioquia,6630,Gustavo Petro
Gomez Plata,Antioquia,3589,Iván Duque
Gomez Plata,Antioquia,383,Gustavo Petro
Granada,Antioquia,4712,Iván Duque
Granada,Antioquia,414,Gustavo Petro
Guadalupe,Antioquia,1545,Iván Duque
Guadalupe,Antioquia,364,Gustavo Petro
Guarne,Antioquia,17498,Iván Duque
Guarne,Antioquia,3807,Gustavo Petro
Guatape,Antioquia,3616,Iván Duque
Guatape,Antioquia,727,Gustavo Petro
Heliconia,Antioquia,2305,Iván Duque
Heliconia,Antioquia,291,Gustavo Petro
Hispania,Antioquia,1976,Iván Duque
Hispania,Antioquia,360,Gustavo Petro
Itagui,Antioquia,97703,Iván Duque
Itagui,Antioquia,29670,Gustavo Petro
Ituango,Antioquia,2609,Iván Duque
Ituango,Antioquia,1234,Gustavo Petro
Jardin,Antioquia,5574,Iván Duque
Jardin,Antioquia,1541,Gustavo Petro
Jerico,Antioquia,5280,Iván Duque
Jerico,Antioquia,627,Gustavo Petro
La Ceja,Antioquia,24631,Iván Duque
La Ceja,Antioquia,5313,Gustavo Petro
La Estrella,Antioquia,21947,Iván Duque
La Estrella,Antioquia,7141,Gustavo Petro
La Pintada,Antioquia,2857,Iván Duque
La Pintada,Antioquia,562,Gustavo Petro
La Union,Antioquia,8629,Iván Duque
La Union,Antioquia,1693,Gustavo Petro
Liborina,Antioquia,4023,Iván Duque
Liborina,Antioquia,483,Gustavo Petro
Maceo,Antioquia,3017,Iván Duque
Maceo,Antioquia,492,Gustavo Petro
Marinilla,Antioquia,20473,Iván Duque
Marinilla,Antioquia,5143,Gustavo Petro
Medellin,Antioquia,693334,Iván Duque
Medellin,Antioquia,208427,Gustavo Petro
Montebello,Antioquia,2465,Iván Duque
Montebello,Antioquia,342,Gustavo Petro
Murindo,Antioquia,148,Iván Duque
Murindo,Antioquia,1126,Gustavo Petro
Mutata,Antioquia,2418,Iván Duque
Mutata,Antioquia,1636,Gustavo Petro
Nariño,Antioquia,3850,Iván Duque
Nariño,Antioquia,166,Gustavo Petro
Nechi,Antioquia,3680,Iván Duque
Nechi,Antioquia,1323,Gustavo Petro
Necocli,Antioquia,8124,Iván Duque
Necocli,Antioquia,4245,Gustavo Petro
Olaya,Antioquia,1368,Iván Duque
Olaya,Antioquia,175,Gustavo Petro
Peque,Antioquia,2370,Iván Duque
Peque,Antioquia,448,Gustavo Petro
Peñol,Antioquia,7959,Iván Duque
Peñol,Antioquia,1143,Gustavo Petro
Pueblorrico,Antioquia,3044,Iván Duque
Pueblorrico,Antioquia,345,Gustavo Petro
Puerto Berrio,Antioquia,9603,Iván Duque
Puerto Berrio,Antioquia,3465,Gustavo Petro
Puerto Nare-La Magdalena,Antioquia,3387,Iván Duque
Puerto Nare-La Magdalena,Antioquia,1933,Gustavo Petro
Puerto Triunfo,Antioquia,5970,Iván Duque
Puerto Triunfo,Antioquia,1040,Gustavo Petro
Remedios,Antioquia,2952,Iván Duque
Remedios,Antioquia,1972,Gustavo Petro
Retiro,Antioquia,9830,Iván Duque
Retiro,Antioquia,1468,Gustavo Petro
Rionegro,Antioquia,51663,Iván Duque
Rionegro,Antioquia,13070,Gustavo Petro
Sabanalarga,Antioquia,3001,Iván Duque
Sabanalarga,Antioquia,295,Gustavo Petro
Sabaneta,Antioquia,33070,Iván Duque
Sabaneta,Antioquia,9057,Gustavo Petro
Salgar,Antioquia,5817,Iván Duque
Salgar,Antioquia,347,Gustavo Petro
San Andres,Antioquia,1714,Iván Duque
San Andres,Antioquia,257,Gustavo Petro
San Carlos,Antioquia,5911,Iván Duque
San Carlos,Antioquia,1009,Gustavo Petro
San Francisco,Antioquia,2385,Iván Duque
San Francisco,Antioquia,328,Gustavo Petro
San Jeronimo,Antioquia,5512,Iván Duque
San Jeronimo,Antioquia,609,Gustavo Petro
San Jose De La Montaña,Antioquia,1280,Iván Duque
San Jose De La Montaña,Antioquia,153,Gustavo Petro
San Juan De Uraba,Antioquia,4353,Iván Duque
San Juan De Uraba,Antioquia,2849,Gustavo Petro
San Luis,Antioquia,5232,Iván Duque
San Luis,Antioquia,647,Gustavo Petro
San Pedro,Antioquia,9677,Iván Duque
San Pedro,Antioquia,1229,Gustavo Petro
San Pedro De Uraba,Antioquia,8010,Iván Duque
San Pedro De Uraba,Antioquia,2241,Gustavo Petro
San Rafael,Antioquia,5058,Iván Duque
San Rafael,Antioquia,834,Gustavo Petro
San Roque,Antioquia,6070,Iván Duque
San Roque,Antioquia,691,Gustavo Petro
San Vicente,Antioquia,8327,Iván Duque
San Vicente,Antioquia,1390,Gustavo Petro
Santa Barbara,Antioquia,8174,Iván Duque
Santa Barbara,Antioquia,1743,Gustavo Petro
Santa Rosa De Osos,Antioquia,12619,Iván Duque
Santa Rosa De Osos,Antioquia,1694,Gustavo Petro
Santo Domingo,Antioquia,3890,Iván Duque
Santo Domingo,Antioquia,532,Gustavo Petro
Santuario,Antioquia,15693,Iván Duque
Santuario,Antioquia,1790,Gustavo Petro
Segovia,Antioquia,2703,Iván Duque
Segovia,Antioquia,3977,Gustavo Petro
Sonson,Antioquia,13495,Iván Duque
Sonson,Antioquia,1063,Gustavo Petro
Sopetran,Antioquia,4510,Iván Duque
Sopetran,Antioquia,1055,Gustavo Petro
Tamesis,Antioquia,6059,Iván Duque
Tamesis,Antioquia,1190,Gustavo Petro
Taraza,Antioquia,2698,Iván Duque
Taraza,Antioquia,2351,Gustavo Petro
Tarso,Antioquia,1887,Iván Duque
Tarso,Antioquia,527,Gustavo Petro
Titiribi,Antioquia,2941,Iván Duque
Titiribi,Antioquia,448,Gustavo Petro
Toledo,Antioquia,1288,Iván Duque
Toledo,Antioquia,276,Gustavo Petro
Turbo,Antioquia,17844,Iván Duque
Turbo,Antioquia,17182,Gustavo Petro
Uramita,Antioquia,2380,Iván Duque
Uramita,Antioquia,254,Gustavo Petro
Urrao,Antioquia,6904,Iván Duque
Urrao,Antioquia,1291,Gustavo Petro
Valdivia,Antioquia,2085,Iván Duque
Valdivia,Antioquia,965,Gustavo Petro
Valparaiso,Antioquia,2049,Iván Duque
Valparaiso,Antioquia,522,Gustavo Petro
Vegachi,Antioquia,3572,Iván Duque
Vegachi,Antioquia,345,Gustavo Petro
Venecia,Antioquia,4222,Iván Duque
Venecia,Antioquia,652,Gustavo Petro
Vigia Del Fuerte,Antioquia,698,Iván Duque
Vigia Del Fuerte,Antioquia,1266,Gustavo Petro
Yali,Antioquia,2146,Iván Duque
Yali,Antioquia,357,Gustavo Petro
Yarumal,Antioquia,11397,Iván Duque
Yarumal,Antioquia,2018,Gustavo Petro
Yolombo,Antioquia,5200,Iván Duque
Yolombo,Antioquia,893,Gustavo Petro
Yondo-Casabe,Antioquia,3620,Iván Duque
Yondo-Casabe,Antioquia,3016,Gustavo Petro
Zaragoza,Antioquia,3407,Iván Duque
Zaragoza,Antioquia,1944,Gustavo Petro
Arauca,Arauca,28788,Iván Duque
Arauca,Arauca,5530,Gustavo Petro
Arauquita,Arauca,5227,Iván Duque
Arauquita,Arauca,6757,Gustavo Petro
Cravo Norte,Arauca,1324,Iván Duque
Cravo Norte,Arauca,126,Gustavo Petro
Fortul,Arauca,1862,Iván Duque
Fortul,Arauca,3479,Gustavo Petro
Puerto Rondon,Arauca,1500,Iván Duque
Puerto Rondon,Arauca,167,Gustavo Petro
Saravena,Arauca,9218,Iván Duque
Saravena,Arauca,6842,Gustavo Petro
Tame,Arauca,11498,Iván Duque
Tame,Arauca,5957,Gustavo Petro
Baranoa,Atlantico,8435,Iván Duque
Baranoa,Atlantico,14567,Gustavo Petro
Barranquilla,Atlantico,191485,Iván Duque
Barranquilla,Atlantico,242473,Gustavo Petro
Campo De La Cruz,Atlantico,5779,Iván Duque
Campo De La Cruz,Atlantico,2285,Gustavo Petro
Candelaria,Atlantico,3789,Iván Duque
Candelaria,Atlantico,1354,Gustavo Petro
Galapa,Atlantico,5719,Iván Duque
Galapa,Atlantico,9797,Gustavo Petro
Juan De Acosta,Atlantico,5074,Iván Duque
Juan De Acosta,Atlantico,3218,Gustavo Petro
Luruaco,Atlantico,5647,Iván Duque
Luruaco,Atlantico,3450,Gustavo Petro
Malambo,Atlantico,11660,Iván Duque
Malambo,Atlantico,20084,Gustavo Petro
Manati,Atlantico,3941,Iván Duque
Manati,Atlantico,1417,Gustavo Petro
Palmar De Varela,Atlantico,3116,Iván Duque
Palmar De Varela,Atlantico,5983,Gustavo Petro
Piojo,Atlantico,1362,Iván Duque
Piojo,Atlantico,1049,Gustavo Petro
Polonuevo,Atlantico,2230,Iván Duque
Polonuevo,Atlantico,4688,Gustavo Petro
Ponedera,Atlantico,4471,Iván Duque
Ponedera,Atlantico,3146,Gustavo Petro
Puerto Colombia,Atlantico,6841,Iván Duque
Puerto Colombia,Atlantico,8920,Gustavo Petro
Repelon,Atlantico,5643,Iván Duque
Repelon,Atlantico,3187,Gustavo Petro
Sabanagrande,Atlantico,4709,Iván Duque
Sabanagrande,Atlantico,6775,Gustavo Petro
Sabanalarga,Atlantico,14589,Iván Duque
Sabanalarga,Atlantico,18466,Gustavo Petro
Santa Lucia,Atlantico,3877,Iván Duque
Santa Lucia,Atlantico,1460,Gustavo Petro
Santo Tomas,Atlantico,4390,Iván Duque
Santo Tomas,Atlantico,7612,Gustavo Petro
Soledad,Atlantico,42694,Iván Duque
Soledad,Atlantico,73794,Gustavo Petro
Suan,Atlantico,3108,Iván Duque
Suan,Atlantico,1373,Gustavo Petro
Tubara,Atlantico,2188,Iván Duque
Tubara,Atlantico,3029,Gustavo Petro
Usiacuri,Atlantico,2119,Iván Duque
Usiacuri,Atlantico,1976,Gustavo Petro
Bogotá D.C.,Bogotá D.C.,1447685,Iván Duque
Bogotá D.C.,Bogotá D.C.,1884869,Gustavo Petro
Achi,Bolivar,7101,Iván Duque
Achi,Bolivar,1195,Gustavo Petro
Altos Del Rosario,Bolivar,1794,Iván Duque
Altos Del Rosario,Bolivar,774,Gustavo Petro
Arenal,Bolivar,1469,Iván Duque
Arenal,Bolivar,1016,Gustavo Petro
Arjona,Bolivar,10665,Iván Duque
Arjona,Bolivar,12111,Gustavo Petro
Arroyo Hondo,Bolivar,2769,Iván Duque
Arroyo Hondo,Bolivar,565,Gustavo Petro
Barranco De Loba,Bolivar,3668,Iván Duque
Barranco De Loba,Bolivar,1170,Gustavo Petro
Calamar,Bolivar,5096,Iván Duque
Calamar,Bolivar,2305,Gustavo Petro
Cantagallo,Bolivar,1518,Iván Duque
Cantagallo,Bolivar,1696,Gustavo Petro
Cartagena,Bolivar,130644,Iván Duque
Cartagena,Bolivar,176421,Gustavo Petro
Cicuco,Bolivar,2427,Iván Duque
Cicuco,Bolivar,1929,Gustavo Petro
Clemencia,Bolivar,2817,Iván Duque
Clemencia,Bolivar,1638,Gustavo Petro
Cordoba,Bolivar,3428,Iván Duque
Cordoba,Bolivar,3506,Gustavo Petro
El Carmen De Bolivar,Bolivar,19288,Iván Duque
El Carmen De Bolivar,Bolivar,6074,Gustavo Petro
El Guamo,Bolivar,2249,Iván Duque
El Guamo,Bolivar,1095,Gustavo Petro
El Peñon,Bolivar,1792,Iván Duque
El Peñon,Bolivar,853,Gustavo Petro
Hatillo De Loba,Bolivar,3541,Iván Duque
Hatillo De Loba,Bolivar,772,Gustavo Petro
Magangue,Bolivar,22184,Iván Duque
Magangue,Bolivar,20362,Gustavo Petro
Mahates,Bolivar,5726,Iván Duque
Mahates,Bolivar,2829,Gustavo Petro
Margarita,Bolivar,3092,Iván Duque
Margarita,Bolivar,963,Gustavo Petro
Maria La Baja,Bolivar,7065,Iván Duque
Maria La Baja,Bolivar,8291,Gustavo Petro
Mompos,Bolivar,8469,Iván Duque
Mompos,Bolivar,6399,Gustavo Petro
Montecristo,Bolivar,1914,Iván Duque
Montecristo,Bolivar,856,Gustavo Petro
Morales,Bolivar,4619,Iván Duque
Morales,Bolivar,1462,Gustavo Petro
Norosi,Bolivar,790,Iván Duque
Norosi,Bolivar,718,Gustavo Petro
Pinillos,Bolivar,5520,Iván Duque
Pinillos,Bolivar,1855,Gustavo Petro
Regidor,Bolivar,1215,Iván Duque
Regidor,Bolivar,981,Gustavo Petro
Rioviejo,Bolivar,2042,Iván Duque
Rioviejo,Bolivar,997,Gustavo Petro
San Cristobal,Bolivar,1374,Iván Duque
San Cristobal,Bolivar,1768,Gustavo Petro
San Estanislao,Bolivar,4802,Iván Duque
San Estanislao,Bolivar,2152,Gustavo Petro
San Fernando,Bolivar,2307,Iván Duque
San Fernando,Bolivar,1146,Gustavo Petro
San Jacinto,Bolivar,6770,Iván Duque
San Jacinto,Bolivar,3496,Gustavo Petro
San Jacinto Del Cauca,Bolivar,1955,Iván Duque
San Jacinto Del Cauca,Bolivar,717,Gustavo Petro
San Juan Nepomuceno,Bolivar,10097,Iván Duque
San Juan Nepomuceno,Bolivar,4381,Gustavo Petro
San Martin De Loba,Bolivar,3070,Iván Duque
San Martin De Loba,Bolivar,2173,Gustavo Petro
San Pablo,Bolivar,5023,Iván Duque
San Pablo,Bolivar,3329,Gustavo Petro
Santa Catalina,Bolivar,2223,Iván Duque
Santa Catalina,Bolivar,2427,Gustavo Petro
Santa Rosa,Bolivar,2741,Iván Duque
Santa Rosa,Bolivar,3184,Gustavo Petro
Santa Rosa Del Sur,Bolivar,9096,Iván Duque
Santa Rosa Del Sur,Bolivar,1899,Gustavo Petro
Simiti,Bolivar,3910,Iván Duque
Simiti,Bolivar,1560,Gustavo Petro
Soplaviento,Bolivar,1121,Iván Duque
Soplaviento,Bolivar,2741,Gustavo Petro
TIquisio (pto. Rico),Bolivar,3998,Iván Duque
TIquisio (pto. Rico),Bolivar,1014,Gustavo Petro
Talaigua Nuevo,Bolivar,3093,Iván Duque
Talaigua Nuevo,Bolivar,1545,Gustavo Petro
Turbaco,Bolivar,11560,Iván Duque
Turbaco,Bolivar,15287,Gustavo Petro
Turbana,Bolivar,3185,Iván Duque
Turbana,Bolivar,3800,Gustavo Petro
Villanueva,Bolivar,4998,Iván Duque
Villanueva,Bolivar,2056,Gustavo Petro
Zambrano,Bolivar,1190,Iván Duque
Zambrano,Bolivar,3162,Gustavo Petro
Almeida,Boyaca,718,Iván Duque
Almeida,Boyaca,184,Gustavo Petro
Aquitania (puebloviejo),Boyaca,6296,Iván Duque
Aquitania (puebloviejo),Boyaca,1212,Gustavo Petro
Arcabuco,Boyaca,1519,Iván Duque
Arcabuco,Boyaca,1101,Gustavo Petro
Belen,Boyaca,2007,Iván Duque
Belen,Boyaca,1670,Gustavo Petro
Berbeo,Boyaca,394,Iván Duque
Berbeo,Boyaca,365,Gustavo Petro
Beteitiva,Boyaca,479,Iván Duque
Beteitiva,Boyaca,435,Gustavo Petro
Boavita,Boyaca,1984,Iván Duque
Boavita,Boyaca,501,Gustavo Petro
Boyaca,Boyaca,1319,Iván Duque
Boyaca,Boyaca,782,Gustavo Petro
Briceño,Boyaca,1037,Iván Duque
Briceño,Boyaca,188,Gustavo Petro
Buenavista,Boyaca,2081,Iván Duque
Buenavista,Boyaca,568,Gustavo Petro
Busbanza,Boyaca,309,Iván Duque
Busbanza,Boyaca,196,Gustavo Petro
Caldas,Boyaca,1136,Iván Duque
Caldas,Boyaca,513,Gustavo Petro
Campohermoso,Boyaca,980,Iván Duque
Campohermoso,Boyaca,232,Gustavo Petro
Cerinza,Boyaca,1123,Iván Duque
Cerinza,Boyaca,993,Gustavo Petro
Chinavita,Boyaca,1127,Iván Duque
Chinavita,Boyaca,320,Gustavo Petro
Chiquinquira,Boyaca,13498,Iván Duque
Chiquinquira,Boyaca,9421,Gustavo Petro
Chiquiza,Boyaca,651,Iván Duque
Chiquiza,Boyaca,1455,Gustavo Petro
Chiscas,Boyaca,1535,Iván Duque
Chiscas,Boyaca,222,Gustavo Petro
Chita,Boyaca,2678,Iván Duque
Chita,Boyaca,448,Gustavo Petro
Chitaraque,Boyaca,2368,Iván Duque
Chitaraque,Boyaca,398,Gustavo Petro
Chivata,Boyaca,770,Iván Duque
Chivata,Boyaca,758,Gustavo Petro
Chivor,Boyaca,893,Iván Duque
Chivor,Boyaca,98,Gustavo Petro
Cienega,Boyaca,1754,Iván Duque
Cienega,Boyaca,442,Gustavo Petro
Combita,Boyaca,2124,Iván Duque
Combita,Boyaca,2604,Gustavo Petro
Coper,Boyaca,1410,Iván Duque
Coper,Boyaca,239,Gustavo Petro
Corrales,Boyaca,618,Iván Duque
Corrales,Boyaca,674,Gustavo Petro
Covarachia,Boyaca,1392,Iván Duque
Covarachia,Boyaca,138,Gustavo Petro
Cubara,Boyaca,924,Iván Duque
Cubara,Boyaca,1396,Gustavo Petro
Cucaita,Boyaca,804,Iván Duque
Cucaita,Boyaca,1131,Gustavo Petro
Cuitiva,Boyaca,657,Iván Duque
Cuitiva,Boyaca,342,Gustavo Petro
Duitama,Boyaca,23537,Iván Duque
Duitama,Boyaca,30528,Gustavo Petro
El Cocuy,Boyaca,1770,Iván Duque
El Cocuy,Boyaca,230,Gustavo Petro
El Espino,Boyaca,1195,Iván Duque
El Espino,Boyaca,131,Gustavo Petro
Firavitoba,Boyaca,1406,Iván Duque
Firavitoba,Boyaca,1454,Gustavo Petro
Floresta,Boyaca,1263,Iván Duque
Floresta,Boyaca,598,Gustavo Petro
Gachantiva,Boyaca,1132,Iván Duque
Gachantiva,Boyaca,547,Gustavo Petro
Gameza,Boyaca,1640,Iván Duque
Gameza,Boyaca,546,Gustavo Petro
Garagoa,Boyaca,3924,Iván Duque
Garagoa,Boyaca,2693,Gustavo Petro
Guacamayas,Boyaca,834,Iván Duque
Guacamayas,Boyaca,108,Gustavo Petro
Guateque,Boyaca,2835,Iván Duque
Guateque,Boyaca,1818,Gustavo Petro
Guayata,Boyaca,1786,Iván Duque
Guayata,Boyaca,324,Gustavo Petro
Guican,Boyaca,1176,Iván Duque
Guican,Boyaca,531,Gustavo Petro
Iza,Boyaca,808,Iván Duque
Iza,Boyaca,427,Gustavo Petro
Jenesano,Boyaca,1925,Iván Duque
Jenesano,Boyaca,1076,Gustavo Petro
Jerico,Boyaca,1511,Iván Duque
Jerico,Boyaca,223,Gustavo Petro
La Capilla,Boyaca,1042,Iván Duque
La Capilla,Boyaca,417,Gustavo Petro
La Uvita,Boyaca,1230,Iván Duque
La Uvita,Boyaca,143,Gustavo Petro
La Victoria,Boyaca,724,Iván Duque
La Victoria,Boyaca,116,Gustavo Petro
Labranzagrande,Boyaca,1391,Iván Duque
Labranzagrande,Boyaca,298,Gustavo Petro
Macanal,Boyaca,1501,Iván Duque
Macanal,Boyaca,393,Gustavo Petro
Maripi,Boyaca,2313,Iván Duque
Maripi,Boyaca,480,Gustavo Petro
Miraflores,Boyaca,2065,Iván Duque
Miraflores,Boyaca,2270,Gustavo Petro
Mongua,Boyaca,2257,Iván Duque
Mongua,Boyaca,375,Gustavo Petro
Mongui,Boyaca,1423,Iván Duque
Mongui,Boyaca,776,Gustavo Petro
Moniquira,Boyaca,5890,Iván Duque
Moniquira,Boyaca,3731,Gustavo Petro
Motavita,Boyaca,1065,Iván Duque
Motavita,Boyaca,1965,Gustavo Petro
Muzo,Boyaca,3315,Iván Duque
Muzo,Boyaca,762,Gustavo Petro
Nobsa,Boyaca,2352,Iván Duque
Nobsa,Boyaca,5830,Gustavo Petro
Nuevo Colon,Boyaca,1350,Iván Duque
Nuevo Colon,Boyaca,1123,Gustavo Petro
Oicata,Boyaca,820,Iván Duque
Oicata,Boyaca,772,Gustavo Petro
Otanche,Boyaca,3010,Iván Duque
Otanche,Boyaca,365,Gustavo Petro
Pachavita,Boyaca,833,Iván Duque
Pachavita,Boyaca,236,Gustavo Petro
Paez,Boyaca,1115,Iván Duque
Paez,Boyaca,324,Gustavo Petro
Paipa,Boyaca,7256,Iván Duque
Paipa,Boyaca,8458,Gustavo Petro
Pajarito,Boyaca,766,Iván Duque
Pajarito,Boyaca,167,Gustavo Petro
Panqueba,Boyaca,768,Iván Duque
Panqueba,Boyaca,107,Gustavo Petro
Pauna,Boyaca,2614,Iván Duque
Pauna,Boyaca,869,Gustavo Petro
Paya,Boyaca,722,Iván Duque
Paya,Boyaca,200,Gustavo Petro
Paz De Rio,Boyaca,748,Iván Duque
Paz De Rio,Boyaca,1535,Gustavo Petro
Pesca,Boyaca,2297,Iván Duque
Pesca,Boyaca,864,Gustavo Petro
Pisba,Boyaca,444,Iván Duque
Pisba,Boyaca,158,Gustavo Petro
Puerto Boyaca,Boyaca,13544,Iván Duque
Puerto Boyaca,Boyaca,5327,Gustavo Petro
Quipama,Boyaca,2325,Iván Duque
Quipama,Boyaca,401,Gustavo Petro
Ramiriqui,Boyaca,2870,Iván Duque
Ramiriqui,Boyaca,1710,Gustavo Petro
Raquira,Boyaca,1722,Iván Duque
Raquira,Boyaca,880,Gustavo Petro
Rondon,Boyaca,972,Iván Duque
Rondon,Boyaca,319,Gustavo Petro
Saboya,Boyaca,3449,Iván Duque
Saboya,Boyaca,2010,Gustavo Petro
Sachica,Boyaca,1199,Iván Duque
Sachica,Boyaca,1003,Gustavo Petro
Samaca,Boyaca,4223,Iván Duque
Samaca,Boyaca,3181,Gustavo Petro
San Eduardo,Boyaca,516,Iván Duque
San Eduardo,Boyaca,323,Gustavo Petro
San Jose De Pare,Boyaca,2127,Iván Duque
San Jose De Pare,Boyaca,506,Gustavo Petro
San Luis De Gaceno,Boyaca,2094,Iván Duque
San Luis De Gaceno,Boyaca,328,Gustavo Petro
San Mateo,Boyaca,1845,Iván Duque
San Mateo,Boyaca,175,Gustavo Petro
San Miguel De Sema,Boyaca,1080,Iván Duque
San Miguel De Sema,Boyaca,347,Gustavo Petro
San Pablo De Borbur,Boyaca,2735,Iván Duque
San Pablo De Borbur,Boyaca,412,Gustavo Petro
Santa Maria,Boyaca,936,Iván Duque
Santa Maria,Boyaca,544,Gustavo Petro
Santa Rosa De Viterbo,Boyaca,3101,Iván Duque
Santa Rosa De Viterbo,Boyaca,1936,Gustavo Petro
Santa Sofia,Boyaca,1393,Iván Duque
Santa Sofia,Boyaca,335,Gustavo Petro
Santana,Boyaca,2291,Iván Duque
Santana,Boyaca,1206,Gustavo Petro
Sativanorte,Boyaca,972,Iván Duque
Sativanorte,Boyaca,374,Gustavo Petro
Sativasur,Boyaca,383,Iván Duque
Sativasur,Boyaca,204,Gustavo Petro
Siachoque,Boyaca,2363,Iván Duque
Siachoque,Boyaca,1291,Gustavo Petro
Soata,Boyaca,3279,Iván Duque
Soata,Boyaca,1188,Gustavo Petro
Socha,Boyaca,1845,Iván Duque
Socha,Boyaca,1241,Gustavo Petro
Socota,Boyaca,2224,Iván Duque
Socota,Boyaca,715,Gustavo Petro
Sogamoso,Boyaca,25838,Iván Duque
Sogamoso,Boyaca,30400,Gustavo Petro
Somondoco,Boyaca,985,Iván Duque
Somondoco,Boyaca,411,Gustavo Petro
Sora,Boyaca,748,Iván Duque
Sora,Boyaca,800,Gustavo Petro
Soraca,Boyaca,2101,Iván Duque
Soraca,Boyaca,1279,Gustavo Petro
Sotaquira,Boyaca,2459,Iván Duque
Sotaquira,Boyaca,1100,Gustavo Petro
Susacon,Boyaca,1295,Iván Duque
Susacon,Boyaca,223,Gustavo Petro
Sutamarchan,Boyaca,2324,Iván Duque
Sutamarchan,Boyaca,1027,Gustavo Petro
Sutatenza,Boyaca,1471,Iván Duque
Sutatenza,Boyaca,545,Gustavo Petro
Tasco,Boyaca,1166,Iván Duque
Tasco,Boyaca,1100,Gustavo Petro
Tenza,Boyaca,1365,Iván Duque
Tenza,Boyaca,420,Gustavo Petro
Tibana,Boyaca,1942,Iván Duque
Tibana,Boyaca,1401,Gustavo Petro
Tibasosa,Boyaca,2360,Iván Duque
Tibasosa,Boyaca,2737,Gustavo Petro
Tinjaca,Boyaca,1021,Iván Duque
Tinjaca,Boyaca,581,Gustavo Petro
Tipacoque,Boyaca,1303,Iván Duque
Tipacoque,Boyaca,399,Gustavo Petro
Toca,Boyaca,1846,Iván Duque
Toca,Boyaca,1811,Gustavo Petro
Togui,Boyaca,1643,Iván Duque
Togui,Boyaca,495,Gustavo Petro
Topaga,Boyaca,1226,Iván Duque
Topaga,Boyaca,674,Gustavo Petro
Tota,Boyaca,1576,Iván Duque
Tota,Boyaca,386,Gustavo Petro
Tunja,Boyaca,28712,Iván Duque
Tunja,Boyaca,47413,Gustavo Petro
Tunungua,Boyaca,545,Iván Duque
Tunungua,Boyaca,235,Gustavo Petro
Turmeque,Boyaca,1471,Iván Duque
Turmeque,Boyaca,1275,Gustavo Petro
Tuta,Boyaca,2392,Iván Duque
Tuta,Boyaca,2049,Gustavo Petro
Tutaza,Boyaca,579,Iván Duque
Tutaza,Boyaca,449,Gustavo Petro
Umbita,Boyaca,2390,Iván Duque
Umbita,Boyaca,834,Gustavo Petro
Ventaquemada,Boyaca,2971,Iván Duque
Ventaquemada,Boyaca,2786,Gustavo Petro
Villa De Leiva,Boyaca,4204,Iván Duque
Villa De Leiva,Boyaca,2925,Gustavo Petro
Viracacha,Boyaca,1151,Iván Duque
Viracacha,Boyaca,339,Gustavo Petro
Zetaquira,Boyaca,1523,Iván Duque
Zetaquira,Boyaca,711,Gustavo Petro
Aguadas,Caldas,8896,Iván Duque
Aguadas,Caldas,1048,Gustavo Petro
Anserma,Caldas,11995,Iván Duque
Anserma,Caldas,2683,Gustavo Petro
Aranzazu,Caldas,5136,Iván Duque
Aranzazu,Caldas,534,Gustavo Petro
Belalcazar,Caldas,3978,Iván Duque
Belalcazar,Caldas,1043,Gustavo Petro
Chinchina,Caldas,16046,Iván Duque
Chinchina,Caldas,6017,Gustavo Petro
Filadelfia,Caldas,4077,Iván Duque
Filadelfia,Caldas,618,Gustavo Petro
La Dorada,Caldas,19211,Iván Duque
La Dorada,Caldas,7189,Gustavo Petro
La Merced,Caldas,2178,Iván Duque
La Merced,Caldas,431,Gustavo Petro
Manizales,Caldas,103834,Iván Duque
Manizales,Caldas,71138,Gustavo Petro
Manzanares,Caldas,6792,Iván Duque
Manzanares,Caldas,986,Gustavo Petro
Marmato,Caldas,2131,Iván Duque
Marmato,Caldas,634,Gustavo Petro
Marquetalia,Caldas,5089,Iván Duque
Marquetalia,Caldas,836,Gustavo Petro
Marulanda,Caldas,993,Iván Duque
Marulanda,Caldas,143,Gustavo Petro
Neira,Caldas,8036,Iván Duque
Neira,Caldas,2052,Gustavo Petro
Norcasia,Caldas,1945,Iván Duque
Norcasia,Caldas,584,Gustavo Petro
Pacora,Caldas,5762,Iván Duque
Pacora,Caldas,575,Gustavo Petro
Palestina,Caldas,4860,Iván Duque
Palestina,Caldas,1714,Gustavo Petro
Pensilvania,Caldas,7704,Iván Duque
Pensilvania,Caldas,1029,Gustavo Petro
Riosucio,Caldas,14425,Iván Duque
Riosucio,Caldas,6517,Gustavo Petro
Risaralda,Caldas,4177,Iván Duque
Risaralda,Caldas,773,Gustavo Petro
Salamina,Caldas,5616,Iván Duque
Salamina,Caldas,1427,Gustavo Petro
Samana,Caldas,7458,Iván Duque
Samana,Caldas,1079,Gustavo Petro
San Jose,Caldas,1940,Iván Duque
San Jose,Caldas,486,Gustavo Petro
Supia,Caldas,8552,Iván Duque
Supia,Caldas,2219,Gustavo Petro
Victoria,Caldas,3344,Iván Duque
Victoria,Caldas,668,Gustavo Petro
Villamaria,Caldas,13878,Iván Duque
Villamaria,Caldas,7988,Gustavo Petro
Viterbo,Caldas,5867,Iván Duque
Viterbo,Caldas,1065,Gustavo Petro
Albania,Caqueta,1519,Iván Duque
Albania,Caqueta,370,Gustavo Petro
Belen De Los Andaquies,Caqueta,2689,Iván Duque
Belen De Los Andaquies,Caqueta,968,Gustavo Petro
Cartagena Del Chaira,Caqueta,2731,Iván Duque
Cartagena Del Chaira,Caqueta,3228,Gustavo Petro
Curillo,Caqueta,1835,Iván Duque
Curillo,Caqueta,695,Gustavo Petro
El Doncello,Caqueta,4540,Iván Duque
El Doncello,Caqueta,2221,Gustavo Petro
El Paujil,Caqueta,2552,Iván Duque
El Paujil,Caqueta,1873,Gustavo Petro
Florencia,Caqueta,40590,Iván Duque
Florencia,Caqueta,20592,Gustavo Petro
La Montañita,Caqueta,1730,Iván Duque
La Montañita,Caqueta,2213,Gustavo Petro
Milan,Caqueta,1306,Iván Duque
Milan,Caqueta,669,Gustavo Petro
Morelia,Caqueta,1293,Iván Duque
Morelia,Caqueta,364,Gustavo Petro
Puerto Rico,Caqueta,4775,Iván Duque
Puerto Rico,Caqueta,2314,Gustavo Petro
San Jose Del Fragua,Caqueta,2666,Iván Duque
San Jose Del Fragua,Caqueta,1438,Gustavo Petro
San Vicente Del Caguan,Caqueta,7758,Iván Duque
San Vicente Del Caguan,Caqueta,4440,Gustavo Petro
Solano,Caqueta,894,Iván Duque
Solano,Caqueta,1135,Gustavo Petro
Solita,Caqueta,1343,Iván Duque
Solita,Caqueta,431,Gustavo Petro
Valparaiso,Caqueta,1468,Iván Duque
Valparaiso,Caqueta,560,Gustavo Petro
Aguazul,Casanare,12689,Iván Duque
Aguazul,Casanare,4896,Gustavo Petro
Chameza,Casanare,902,Iván Duque
Chameza,Casanare,259,Gustavo Petro
Hato Corozal,Casanare,3749,Iván Duque
Hato Corozal,Casanare,648,Gustavo Petro
La Salina,Casanare,117,Iván Duque
La Salina,Casanare,315,Gustavo Petro
Mani,Casanare,5047,Iván Duque
Mani,Casanare,1291,Gustavo Petro
Monterrey,Casanare,4943,Iván Duque
Monterrey,Casanare,1784,Gustavo Petro
Nunchia,Casanare,3488,Iván Duque
Nunchia,Casanare,491,Gustavo Petro
Orocue,Casanare,3097,Iván Duque
Orocue,Casanare,860,Gustavo Petro
Paz De Ariporo (moreno),Casanare,12747,Iván Duque
Paz De Ariporo (moreno),Casanare,2243,Gustavo Petro
Pore,Casanare,3978,Iván Duque
Pore,Casanare,582,Gustavo Petro
Recetor,Casanare,574,Iván Duque
Recetor,Casanare,189,Gustavo Petro
Sabanalarga,Casanare,1238,Iván Duque
Sabanalarga,Casanare,367,Gustavo Petro
Sacama,Casanare,257,Iván Duque
Sacama,Casanare,431,Gustavo Petro
San Luis De Palenque,Casanare,3186,Iván Duque
San Luis De Palenque,Casanare,426,Gustavo Petro
Tamara,Casanare,2227,Iván Duque
Tamara,Casanare,395,Gustavo Petro
Tauramena,Casanare,7987,Iván Duque
Tauramena,Casanare,2447,Gustavo Petro
Trinidad,Casanare,4653,Iván Duque
Trinidad,Casanare,778,Gustavo Petro
Villanueva,Casanare,9580,Iván Duque
Villanueva,Casanare,3254,Gustavo Petro
Yopal,Casanare,47447,Iván Duque
Yopal,Casanare,19903,Gustavo Petro
Almaguer,Cauca,865,Iván Duque
Almaguer,Cauca,5070,Gustavo Petro
Argelia,Cauca,758,Iván Duque
Argelia,Cauca,8661,Gustavo Petro
Balboa,Cauca,894,Iván Duque
Balboa,Cauca,5766,Gustavo Petro
Bolivar,Cauca,3051,Iván Duque
Bolivar,Cauca,10598,Gustavo Petro
Buenos Aires,Cauca,3531,Iván Duque
Buenos Aires,Cauca,3467,Gustavo Petro
Cajibio,Cauca,4607,Iván Duque
Cajibio,Cauca,5763,Gustavo Petro
Caldono,Cauca,2976,Iván Duque
Caldono,Cauca,9177,Gustavo Petro
Caloto,Cauca,3149,Iván Duque
Caloto,Cauca,7336,Gustavo Petro
Corinto,Cauca,3127,Iván Duque
Corinto,Cauca,7164,Gustavo Petro
El Tambo,Cauca,7603,Iván Duque
El Tambo,Cauca,6547,Gustavo Petro
Florencia,Cauca,692,Iván Duque
Florencia,Cauca,1827,Gustavo Petro
Guachene,Cauca,1640,Iván Duque
Guachene,Cauca,6164,Gustavo Petro
Guapi,Cauca,1286,Iván Duque
Guapi,Cauca,6023,Gustavo Petro
Inza,Cauca,2807,Iván Duque
Inza,Cauca,6049,Gustavo Petro
Jambalo,Cauca,448,Iván Duque
Jambalo,Cauca,4825,Gustavo Petro
La Sierra,Cauca,1941,Iván Duque
La Sierra,Cauca,2324,Gustavo Petro
La Vega,Cauca,2026,Iván Duque
La Vega,Cauca,4461,Gustavo Petro
Lopez (micay),Cauca,1783,Iván Duque
Lopez (micay),Cauca,2380,Gustavo Petro
Mercaderes,Cauca,1205,Iván Duque
Mercaderes,Cauca,4914,Gustavo Petro
Miranda,Cauca,3105,Iván Duque
Miranda,Cauca,8606,Gustavo Petro
Morales,Cauca,4379,Iván Duque
Morales,Cauca,4611,Gustavo Petro
Padilla,Cauca,875,Iván Duque
Padilla,Cauca,2842,Gustavo Petro
Paez (belalcazar),Cauca,2956,Iván Duque
Paez (belalcazar),Cauca,6755,Gustavo Petro
Patia (el Bordo),Cauca,3040,Iván Duque
Patia (el Bordo),Cauca,6934,Gustavo Petro
Piamonte,Cauca,884,Iván Duque
Piamonte,Cauca,1300,Gustavo Petro
Piendamo,Cauca,7780,Iván Duque
Piendamo,Cauca,5921,Gustavo Petro
Popayan,Cauca,49254,Iván Duque
Popayan,Cauca,80628,Gustavo Petro
Puerto Tejada,Cauca,2793,Iván Duque
Puerto Tejada,Cauca,14504,Gustavo Petro
Purace (coconuco),Cauca,1680,Iván Duque
Purace (coconuco),Cauca,2575,Gustavo Petro
Rosas,Cauca,2257,Iván Duque
Rosas,Cauca,2007,Gustavo Petro
San Sebastian,Cauca,1161,Iván Duque
San Sebastian,Cauca,2014,Gustavo Petro
Santa Rosa,Cauca,746,Iván Duque
Santa Rosa,Cauca,1121,Gustavo Petro
Santander De Quilichao,Cauca,15262,Iván Duque
Santander De Quilichao,Cauca,24162,Gustavo Petro
Silvia,Cauca,2528,Iván Duque
Silvia,Cauca,9954,Gustavo Petro
Sotara (paispamba),Cauca,1580,Iván Duque
Sotara (paispamba),Cauca,2129,Gustavo Petro
Suarez,Cauca,3166,Iván Duque
Suarez,Cauca,3492,Gustavo Petro
Sucre,Cauca,269,Iván Duque
Sucre,Cauca,2683,Gustavo Petro
Timbio,Cauca,7058,Iván Duque
Timbio,Cauca,6460,Gustavo Petro
Timbiqui,Cauca,1126,Iván Duque
Timbiqui,Cauca,5684,Gustavo Petro
Toribio,Cauca,1165,Iván Duque
Toribio,Cauca,9803,Gustavo Petro
Totoro,Cauca,1351,Iván Duque
Totoro,Cauca,4514,Gustavo Petro
Villa Rica,Cauca,1387,Iván Duque
Villa Rica,Cauca,6228,Gustavo Petro
Aguachica,Cesar,27469,Iván Duque
Aguachica,Cesar,10659,Gustavo Petro
Agustin Codazzi,Cesar,11874,Iván Duque
Agustin Codazzi,Cesar,9128,Gustavo Petro
Astrea,Cesar,4388,Iván Duque
Astrea,Cesar,3054,Gustavo Petro
Becerril,Cesar,2750,Iván Duque
Becerril,Cesar,4650,Gustavo Petro
Bosconia,Cesar,7286,Iván Duque
Bosconia,Cesar,5946,Gustavo Petro
Chimichagua,Cesar,6821,Iván Duque
Chimichagua,Cesar,3996,Gustavo Petro
Chiriguana,Cesar,5424,Iván Duque
Chiriguana,Cesar,5386,Gustavo Petro
Curumani,Cesar,6456,Iván Duque
Curumani,Cesar,5948,Gustavo Petro
El Copey,Cesar,4809,Iván Duque
El Copey,Cesar,5851,Gustavo Petro
El Paso,Cesar,3990,Iván Duque
El Paso,Cesar,7783,Gustavo Petro
Gamarra,Cesar,3504,Iván Duque
Gamarra,Cesar,1539,Gustavo Petro
Gonzalez,Cesar,1254,Iván Duque
Gonzalez,Cesar,423,Gustavo Petro
La Gloria,Cesar,3911,Iván Duque
La Gloria,Cesar,1989,Gustavo Petro
La Jagua De Ibirico,Cesar,5108,Iván Duque
La Jagua De Ibirico,Cesar,9399,Gustavo Petro
La Paz,Cesar,6483,Iván Duque
La Paz,Cesar,3032,Gustavo Petro
Manaure Balcon Del Cesar (mana,Cesar,2382,Iván Duque
Manaure Balcon Del Cesar (mana,Cesar,1776,Gustavo Petro
Pailitas,Cesar,4323,Iván Duque
Pailitas,Cesar,2920,Gustavo Petro
Pelaya,Cesar,4985,Iván Duque
Pelaya,Cesar,1907,Gustavo Petro
Pueblo Bello,Cesar,3156,Iván Duque
Pueblo Bello,Cesar,4129,Gustavo Petro
Rio De Oro,Cesar,6080,Iván Duque
Rio De Oro,Cesar,2030,Gustavo Petro
San Alberto,Cesar,5599,Iván Duque
San Alberto,Cesar,3997,Gustavo Petro
San Diego,Cesar,4662,Iván Duque
San Diego,Cesar,2733,Gustavo Petro
San Martin,Cesar,5730,Iván Duque
San Martin,Cesar,3361,Gustavo Petro
Tamalameque,Cesar,2656,Iván Duque
Tamalameque,Cesar,2214,Gustavo Petro
Valledupar,Cesar,75650,Iván Duque
Valledupar,Cesar,70325,Gustavo Petro
Acandi,Choco,2009,Iván Duque
Acandi,Choco,1220,Gustavo Petro
Alto Baudo (pie De Pato),Choco,305,Iván Duque
Alto Baudo (pie De Pato),Choco,3834,Gustavo Petro
Atrato (yuto),Choco,1078,Iván Duque
Atrato (yuto),Choco,2231,Gustavo Petro
Bagado,Choco,921,Iván Duque
Bagado,Choco,1571,Gustavo Petro
Bahia Solano (mutis),Choco,1484,Iván Duque
Bahia Solano (mutis),Choco,1158,Gustavo Petro
Bajo Baudo (pizarro),Choco,1110,Iván Duque
Bajo Baudo (pizarro),Choco,1630,Gustavo Petro
Bojaya (bellavista),Choco,532,Iván Duque
Bojaya (bellavista),Choco,1494,Gustavo Petro
Carmen Del Darien,Choco,500,Iván Duque
Carmen Del Darien,Choco,1760,Gustavo Petro
Certegui,Choco,980,Iván Duque
Certegui,Choco,877,Gustavo Petro
Condoto,Choco,1627,Iván Duque
Condoto,Choco,2166,Gustavo Petro
EL Canton Del San Pablo (man.,Choco,1097,Iván Duque
EL Canton Del San Pablo (man.,Choco,784,Gustavo Petro
El Carmen,Choco,2118,Iván Duque
El Carmen,Choco,825,Gustavo Petro
El Litoral Del San Juan,Choco,166,Iván Duque
El Litoral Del San Juan,Choco,2678,Gustavo Petro
Istmina,Choco,3135,Iván Duque
Istmina,Choco,4404,Gustavo Petro
Jurado,Choco,393,Iván Duque
Jurado,Choco,389,Gustavo Petro
Lloro,Choco,1673,Iván Duque
Lloro,Choco,1283,Gustavo Petro
Medio Atrato (bete),Choco,649,Iván Duque
Medio Atrato (bete),Choco,1371,Gustavo Petro
Medio Baudo (puerto Meluk),Choco,1951,Iván Duque
Medio Baudo (puerto Meluk),Choco,1208,Gustavo Petro
Medio San Juan,Choco,570,Iván Duque
Medio San Juan,Choco,2225,Gustavo Petro
Novita,Choco,1277,Iván Duque
Novita,Choco,736,Gustavo Petro
Nuqui,Choco,436,Iván Duque
Nuqui,Choco,1281,Gustavo Petro
Quibdo,Choco,11717,Iván Duque
Quibdo,Choco,21931,Gustavo Petro
Rio Iro,Choco,722,Iván Duque
Rio Iro,Choco,604,Gustavo Petro
Rio Quito (paimado),Choco,1407,Iván Duque
Rio Quito (paimado),Choco,1694,Gustavo Petro
Riosucio,Choco,1945,Iván Duque
Riosucio,Choco,4173,Gustavo Petro
San Jose Del Palmar,Choco,527,Iván Duque
San Jose Del Palmar,Choco,600,Gustavo Petro
Sipi,Choco,180,Iván Duque
Sipi,Choco,771,Gustavo Petro
Tado,Choco,2988,Iván Duque
Tado,Choco,2339,Gustavo Petro
Unguia,Choco,1548,Iván Duque
Unguia,Choco,1325,Gustavo Petro
Union Panamericana (las Animas,Choco,1244,Iván Duque
Union Panamericana (las Animas,Choco,886,Gustavo Petro
Alemania,Consulados,585,Iván Duque
Alemania,Consulados,1895,Gustavo Petro
Argelia,Consulados,4,Iván Duque
Argelia,Consulados,2,Gustavo Petro
Argentina,Consulados,1756,Iván Duque
Argentina,Consulados,5624,Gustavo Petro
Aruba,Consulados,1893,Iván Duque
Aruba,Consulados,331,Gustavo Petro
Arzerbaiyan,Consulados,12,Iván Duque
Arzerbaiyan,Consulados,4,Gustavo Petro
Australia,Consulados,2038,Iván Duque
Australia,Consulados,3908,Gustavo Petro
Austria,Consulados,141,Iván Duque
Austria,Consulados,309,Gustavo Petro
Belgica,Consulados,417,Iván Duque
Belgica,Consulados,647,Gustavo Petro
Belice,Consulados,8,Iván Duque
Belice,Consulados,11,Gustavo Petro
Bolivia,Consulados,272,Iván Duque
Bolivia,Consulados,127,Gustavo Petro
Brasil,Consulados,690,Iván Duque
Brasil,Consulados,1282,Gustavo Petro
Canada,Consulados,7995,Iván Duque
Canada,Consulados,5532,Gustavo Petro
Chile,Consulados,3267,Iván Duque
Chile,Consulados,3110,Gustavo Petro
China Republica Popular,Consulados,215,Iván Duque
China Republica Popular,Consulados,171,Gustavo Petro
Chipre,Consulados,14,Iván Duque
Chipre,Consulados,12,Gustavo Petro
Corea Del Sur,Consulados,37,Iván Duque
Corea Del Sur,Consulados,54,Gustavo Petro
Costa Rica,Consulados,2582,Iván Duque
Costa Rica,Consulados,738,Gustavo Petro
Cuba,Consulados,64,Iván Duque
Cuba,Consulados,132,Gustavo Petro
Curazao,Consulados,551,Iván Duque
Curazao,Consulados,152,Gustavo Petro
Dinamarca,Consulados,27,Iván Duque
Dinamarca,Consulados,56,Gustavo Petro
Ecuador,Consulados,5038,Iván Duque
Ecuador,Consulados,2258,Gustavo Petro
Egipto,Consulados,13,Iván Duque
Egipto,Consulados,21,Gustavo Petro
El Salvador,Consulados,170,Iván Duque
El Salvador,Consulados,58,Gustavo Petro
Emiratos Arabes Unidos,Consulados,925,Iván Duque
Emiratos Arabes Unidos,Consulados,174,Gustavo Petro
España,Consulados,14072,Iván Duque
España,Consulados,9515,Gustavo Petro
Estados Unidos,Consulados,91385,Iván Duque
Estados Unidos,Consulados,13673,Gustavo Petro
Finlandia,Consulados,39,Iván Duque
Finlandia,Consulados,83,Gustavo Petro
Francia,Consulados,1589,Iván Duque
Francia,Consulados,3189,Gustavo Petro
Ghana,Consulados,4,Iván Duque
Ghana,Consulados,8,Gustavo Petro
Grecia,Consulados,28,Iván Duque
Grecia,Consulados,15,Gustavo Petro
Guatemala,Consulados,485,Iván Duque
Guatemala,Consulados,90,Gustavo Petro
Honduras,Consulados,153,Iván Duque
Honduras,Consulados,38,Gustavo Petro
India,Consulados,12,Iván Duque
India,Consulados,9,Gustavo Petro
Indonesia,Consulados,17,Iván Duque
Indonesia,Consulados,12,Gustavo Petro
Inglaterra,Consulados,2997,Iván Duque
Inglaterra,Consulados,2105,Gustavo Petro
Irlanda,Consulados,39,Iván Duque
Irlanda,Consulados,61,Gustavo Petro
Israel,Consulados,238,Iván Duque
Israel,Consulados,71,Gustavo Petro
Italia,Consulados,1225,Iván Duque
Italia,Consulados,907,Gustavo Petro
Jamaica,Consulados,71,Iván Duque
Jamaica,Consulados,5,Gustavo Petro
Japon,Consulados,129,Iván Duque
Japon,Consulados,98,Gustavo Petro
Kenia,Consulados,11,Iván Duque
Kenia,Consulados,13,Gustavo Petro
Libano,Consulados,95,Iván Duque
Libano,Consulados,5,Gustavo Petro
Luxemburgo,Consulados,29,Iván Duque
Luxemburgo,Consulados,26,Gustavo Petro
Malasia,Consulados,34,Iván Duque
Malasia,Consulados,15,Gustavo Petro
Marruecos,Consulados,6,Iván Duque
Marruecos,Consulados,14,Gustavo Petro
Mexico,Consulados,2559,Iván Duque
Mexico,Consulados,2204,Gustavo Petro
Nicaragua,Consulados,59,Iván Duque
Nicaragua,Consulados,28,Gustavo Petro
Noruega,Consulados,37,Iván Duque
Noruega,Consulados,130,Gustavo Petro
Nueva Zelandia,Consulados,187,Iván Duque
Nueva Zelandia,Consulados,372,Gustavo Petro
Paises Bajos,Consulados,447,Iván Duque
Paises Bajos,Consulados,600,Gustavo Petro
Panama,Consulados,4698,Iván Duque
Panama,Consulados,1227,Gustavo Petro
Paraguay,Consulados,134,Iván Duque
Paraguay,Consulados,54,Gustavo Petro
Peru,Consulados,1286,Iván Duque
Peru,Consulados,628,Gustavo Petro
Polonia,Consulados,41,Iván Duque
Polonia,Consulados,69,Gustavo Petro
Portugal,Consulados,117,Iván Duque
Portugal,Consulados,145,Gustavo Petro
Puerto Rico,Consulados,419,Iván Duque
Puerto Rico,Consulados,211,Gustavo Petro
Republica De Filipinas,Consulados,36,Iván Duque
Republica De Filipinas,Consulados,27,Gustavo Petro
Republica De Singapur,Consulados,70,Iván Duque
Republica De Singapur,Consulados,42,Gustavo Petro
Republica Dominicana,Consulados,702,Iván Duque
Republica Dominicana,Consulados,235,Gustavo Petro
Republica Socialista Devietnam,Consulados,7,Iván Duque
Republica Socialista Devietnam,Consulados,14,Gustavo Petro
Rusia,Consulados,34,Iván Duque
Rusia,Consulados,96,Gustavo Petro
Sudafrica,Consulados,53,Iván Duque
Sudafrica,Consulados,40,Gustavo Petro
Suecia,Consulados,206,Iván Duque
Suecia,Consulados,361,Gustavo Petro
Suiza,Consulados,799,Iván Duque
Suiza,Consulados,945,Gustavo Petro
Tailandia,Consulados,22,Iván Duque
Tailandia,Consulados,18,Gustavo Petro
Trinidad Y Tobago,Consulados,45,Iván Duque
Trinidad Y Tobago,Consulados,22,Gustavo Petro
Turquia,Consulados,18,Iván Duque
Turquia,Consulados,46,Gustavo Petro
Uruguay,Consulados,128,Iván Duque
Uruguay,Consulados,177,Gustavo Petro
Venezuela,Consulados,27519,Iván Duque
Venezuela,Consulados,5307,Gustavo Petro
Ayapel,Cordoba,8973,Iván Duque
Ayapel,Cordoba,4806,Gustavo Petro
Buenavista,Cordoba,3522,Iván Duque
Buenavista,Cordoba,4233,Gustavo Petro
Canalete,Cordoba,3470,Iván Duque
Canalete,Cordoba,3562,Gustavo Petro
Cerete,Cordoba,18144,Iván Duque
Cerete,Cordoba,20822,Gustavo Petro
Chima,Cordoba,3454,Iván Duque
Chima,Cordoba,3205,Gustavo Petro
Chinu,Cordoba,14025,Iván Duque
Chinu,Cordoba,7105,Gustavo Petro
Cienaga De Oro,Cordoba,8873,Iván Duque
Cienaga De Oro,Cordoba,14634,Gustavo Petro
Cotorra (bongo),Cordoba,4073,Iván Duque
Cotorra (bongo),Cordoba,3722,Gustavo Petro
La Apartada (frontera),Cordoba,2179,Iván Duque
La Apartada (frontera),Cordoba,3445,Gustavo Petro
Lorica,Cordoba,21750,Iván Duque
Lorica,Cordoba,21738,Gustavo Petro
Los Cordobas,Cordoba,4335,Iván Duque
Los Cordobas,Cordoba,2847,Gustavo Petro
Momil,Cordoba,4254,Iván Duque
Momil,Cordoba,3345,Gustavo Petro
Montelibano,Cordoba,8596,Iván Duque
Montelibano,Cordoba,19916,Gustavo Petro
Monteria,Cordoba,89344,Iván Duque
Monteria,Cordoba,69825,Gustavo Petro
Moñitos,Cordoba,4379,Iván Duque
Moñitos,Cordoba,3727,Gustavo Petro
Planeta Rica,Cordoba,12033,Iván Duque
Planeta Rica,Cordoba,12688,Gustavo Petro
Pueblo Nuevo,Cordoba,6775,Iván Duque
Pueblo Nuevo,Cordoba,5397,Gustavo Petro
Puerto Escondido,Cordoba,4473,Iván Duque
Puerto Escondido,Cordoba,3946,Gustavo Petro
Puerto Libertador,Cordoba,3362,Iván Duque
Puerto Libertador,Cordoba,9290,Gustavo Petro
Purisima,Cordoba,4388,Iván Duque
Purisima,Cordoba,2447,Gustavo Petro
Sahagun,Cordoba,19455,Iván Duque
Sahagun,Cordoba,20510,Gustavo Petro
San Andres De Sotavento,Cordoba,7427,Iván Duque
San Andres De Sotavento,Cordoba,7280,Gustavo Petro
San Antero,Cordoba,6402,Iván Duque
San Antero,Cordoba,5080,Gustavo Petro
San Bernardo Del Viento,Cordoba,3961,Iván Duque
San Bernardo Del Viento,Cordoba,7461,Gustavo Petro
San Carlos,Cordoba,5184,Iván Duque
San Carlos,Cordoba,3713,Gustavo Petro
San Jose De Ure,Cordoba,1042,Iván Duque
San Jose De Ure,Cordoba,2500,Gustavo Petro
San Pelayo,Cordoba,8870,Iván Duque
San Pelayo,Cordoba,9166,Gustavo Petro
Tierralta,Cordoba,13446,Iván Duque
Tierralta,Cordoba,12682,Gustavo Petro
Tuchin,Cordoba,7029,Iván Duque
Tuchin,Cordoba,5295,Gustavo Petro
Valencia,Cordoba,7013,Iván Duque
Valencia,Cordoba,4557,Gustavo Petro
Agua De Dios,Cundinamarca,2949,Iván Duque
Agua De Dios,Cundinamarca,2106,Gustavo Petro
Alban,Cundinamarca,2118,Iván Duque
Alban,Cundinamarca,634,Gustavo Petro
Anapoima,Cundinamarca,5403,Iván Duque
Anapoima,Cundinamarca,1524,Gustavo Petro
Anolaima,Cundinamarca,4635,Iván Duque
Anolaima,Cundinamarca,1496,Gustavo Petro
Apulo,Cundinamarca,3158,Iván Duque
Apulo,Cundinamarca,786,Gustavo Petro
Arbelaez,Cundinamarca,4068,Iván Duque
Arbelaez,Cundinamarca,1470,Gustavo Petro
Beltran,Cundinamarca,826,Iván Duque
Beltran,Cundinamarca,233,Gustavo Petro
Bituima,Cundinamarca,1012,Iván Duque
Bituima,Cundinamarca,281,Gustavo Petro
Bojaca,Cundinamarca,2496,Iván Duque
Bojaca,Cundinamarca,1495,Gustavo Petro
Cabrera,Cundinamarca,643,Iván Duque
Cabrera,Cundinamarca,1209,Gustavo Petro
Cachipay,Cundinamarca,3495,Iván Duque
Cachipay,Cundinamarca,1498,Gustavo Petro
Cajica,Cundinamarca,16750,Iván Duque
Cajica,Cundinamarca,13660,Gustavo Petro
Caparrapi,Cundinamarca,4589,Iván Duque
Caparrapi,Cundinamarca,701,Gustavo Petro
Caqueza,Cundinamarca,5629,Iván Duque
Caqueza,Cundinamarca,2711,Gustavo Petro
Carmen De Carupa,Cundinamarca,2584,Iván Duque
Carmen De Carupa,Cundinamarca,717,Gustavo Petro
Chaguani,Cundinamarca,1497,Iván Duque
Chaguani,Cundinamarca,316,Gustavo Petro
Chia,Cundinamarca,34102,Iván Duque
Chia,Cundinamarca,23575,Gustavo Petro
Chipaque,Cundinamarca,3353,Iván Duque
Chipaque,Cundinamarca,1310,Gustavo Petro
Choachi,Cundinamarca,5451,Iván Duque
Choachi,Cundinamarca,1518,Gustavo Petro
Choconta,Cundinamarca,6064,Iván Duque
Choconta,Cundinamarca,2396,Gustavo Petro
Cogua,Cundinamarca,4673,Iván Duque
Cogua,Cundinamarca,4490,Gustavo Petro
Cota,Cundinamarca,8973,Iván Duque
Cota,Cundinamarca,5800,Gustavo Petro
Cucunuba,Cundinamarca,2098,Iván Duque
Cucunuba,Cundinamarca,588,Gustavo Petro
El Colegio,Cundinamarca,8064,Iván Duque
El Colegio,Cundinamarca,3758,Gustavo Petro
El Peñon,Cundinamarca,2072,Iván Duque
El Peñon,Cundinamarca,207,Gustavo Petro
El Rosal,Cundinamarca,8008,Iván Duque
El Rosal,Cundinamarca,2693,Gustavo Petro
Facatativa,Cundinamarca,29167,Iván Duque
Facatativa,Cundinamarca,26767,Gustavo Petro
Fomeque,Cundinamarca,4882,Iván Duque
Fomeque,Cundinamarca,988,Gustavo Petro
Fosca,Cundinamarca,2624,Iván Duque
Fosca,Cundinamarca,457,Gustavo Petro
Funza,Cundinamarca,20105,Iván Duque
Funza,Cundinamarca,21598,Gustavo Petro
Fuquene,Cundinamarca,1214,Iván Duque
Fuquene,Cundinamarca,1155,Gustavo Petro
Fusagasuga,Cundinamarca,37835,Iván Duque
Fusagasuga,Cundinamarca,21269,Gustavo Petro
Gachala,Cundinamarca,1794,Iván Duque
Gachala,Cundinamarca,586,Gustavo Petro
Gachancipa,Cundinamarca,3088,Iván Duque
Gachancipa,Cundinamarca,3305,Gustavo Petro
Gacheta,Cundinamarca,3800,Iván Duque
Gacheta,Cundinamarca,932,Gustavo Petro
Gama,Cundinamarca,1417,Iván Duque
Gama,Cundinamarca,239,Gustavo Petro
Girardot,Cundinamarca,28370,Iván Duque
Girardot,Cundinamarca,16590,Gustavo Petro
Granada,Cundinamarca,1941,Iván Duque
Granada,Cundinamarca,1482,Gustavo Petro
Guacheta,Cundinamarca,3131,Iván Duque
Guacheta,Cundinamarca,1209,Gustavo Petro
Guaduas,Cundinamarca,8520,Iván Duque
Guaduas,Cundinamarca,3253,Gustavo Petro
Guasca,Cundinamarca,4155,Iván Duque
Guasca,Cundinamarca,2384,Gustavo Petro
Guataqui,Cundinamarca,654,Iván Duque
Guataqui,Cundinamarca,342,Gustavo Petro
Guatavita,Cundinamarca,2291,Iván Duque
Guatavita,Cundinamarca,754,Gustavo Petro
Guayabal De Siquima,Cundinamarca,1806,Iván Duque
Guayabal De Siquima,Cundinamarca,540,Gustavo Petro
Guayabetal,Cundinamarca,2231,Iván Duque
Guayabetal,Cundinamarca,526,Gustavo Petro
Gutierrez,Cundinamarca,1014,Iván Duque
Gutierrez,Cundinamarca,534,Gustavo Petro
Jerusalen,Cundinamarca,1009,Iván Duque
Jerusalen,Cundinamarca,267,Gustavo Petro
Junin,Cundinamarca,2217,Iván Duque
Junin,Cundinamarca,542,Gustavo Petro
La Calera,Cundinamarca,6657,Iván Duque
La Calera,Cundinamarca,6263,Gustavo Petro
La Mesa,Cundinamarca,9328,Iván Duque
La Mesa,Cundinamarca,4218,Gustavo Petro
La Palma,Cundinamarca,2955,Iván Duque
La Palma,Cundinamarca,874,Gustavo Petro
La Peña,Cundinamarca,3181,Iván Duque
La Peña,Cundinamarca,272,Gustavo Petro
La Vega,Cundinamarca,5946,Iván Duque
La Vega,Cundinamarca,1719,Gustavo Petro
Lenguazaque,Cundinamarca,3325,Iván Duque
Lenguazaque,Cundinamarca,604,Gustavo Petro
Macheta,Cundinamarca,3005,Iván Duque
Macheta,Cundinamarca,449,Gustavo Petro
Madrid,Cundinamarca,20373,Iván Duque
Madrid,Cundinamarca,18907,Gustavo Petro
Manta,Cundinamarca,2001,Iván Duque
Manta,Cundinamarca,422,Gustavo Petro
Medina,Cundinamarca,3176,Iván Duque
Medina,Cundinamarca,561,Gustavo Petro
Mosquera,Cundinamarca,21255,Iván Duque
Mosquera,Cundinamarca,22880,Gustavo Petro
Nariño,Cundinamarca,750,Iván Duque
Nariño,Cundinamarca,496,Gustavo Petro
Nemocon,Cundinamarca,3032,Iván Duque
Nemocon,Cundinamarca,2925,Gustavo Petro
Nilo,Cundinamarca,2347,Iván Duque
Nilo,Cundinamarca,775,Gustavo Petro
Nimaima,Cundinamarca,1709,Iván Duque
Nimaima,Cundinamarca,359,Gustavo Petro
Nocaima,Cundinamarca,2210,Iván Duque
Nocaima,Cundinamarca,963,Gustavo Petro
Pacho,Cundinamarca,9247,Iván Duque
Pacho,Cundinamarca,2254,Gustavo Petro
Paime,Cundinamarca,1740,Iván Duque
Paime,Cundinamarca,425,Gustavo Petro
Pandi,Cundinamarca,1320,Iván Duque
Pandi,Cundinamarca,776,Gustavo Petro
Paratebueno (la Naguaya),Cundinamarca,3309,Iván Duque
Paratebueno (la Naguaya),Cundinamarca,631,Gustavo Petro
Pasca,Cundinamarca,1865,Iván Duque
Pasca,Cundinamarca,2386,Gustavo Petro
Puerto Salgar,Cundinamarca,4286,Iván Duque
Puerto Salgar,Cundinamarca,1637,Gustavo Petro
Puli,Cundinamarca,1169,Iván Duque
Puli,Cundinamarca,245,Gustavo Petro
Quebradanegra,Cundinamarca,2417,Iván Duque
Quebradanegra,Cundinamarca,249,Gustavo Petro
Quetame,Cundinamarca,2259,Iván Duque
Quetame,Cundinamarca,1013,Gustavo Petro
Quipile,Cundinamarca,2870,Iván Duque
Quipile,Cundinamarca,429,Gustavo Petro
Ricaurte,Cundinamarca,4161,Iván Duque
Ricaurte,Cundinamarca,1451,Gustavo Petro
San Antonio Del Tequendama,Cundinamarca,3142,Iván Duque
San Antonio Del Tequendama,Cundinamarca,1749,Gustavo Petro
San Bernardo,Cundinamarca,2587,Iván Duque
San Bernardo,Cundinamarca,1260,Gustavo Petro
San Cayetano,Cundinamarca,1798,Iván Duque
San Cayetano,Cundinamarca,316,Gustavo Petro
San Francisco,Cundinamarca,3803,Iván Duque
San Francisco,Cundinamarca,1225,Gustavo Petro
San Juan De Rioseco,Cundinamarca,3491,Iván Duque
San Juan De Rioseco,Cundinamarca,1191,Gustavo Petro
Sasaima,Cundinamarca,4055,Iván Duque
Sasaima,Cundinamarca,971,Gustavo Petro
Sesquile,Cundinamarca,2720,Iván Duque
Sesquile,Cundinamarca,2146,Gustavo Petro
Sibate,Cundinamarca,7657,Iván Duque
Sibate,Cundinamarca,7540,Gustavo Petro
Silvania,Cundinamarca,7083,Iván Duque
Silvania,Cundinamarca,2706,Gustavo Petro
Simijaca,Cundinamarca,3414,Iván Duque
Simijaca,Cundinamarca,1693,Gustavo Petro
Soacha,Cundinamarca,56087,Iván Duque
Soacha,Cundinamarca,82992,Gustavo Petro
Sopo,Cundinamarca,4922,Iván Duque
Sopo,Cundinamarca,7192,Gustavo Petro
Subachoque,Cundinamarca,5935,Iván Duque
Subachoque,Cundinamarca,1810,Gustavo Petro
Suesca,Cundinamarca,2518,Iván Duque
Suesca,Cundinamarca,3404,Gustavo Petro
Supata,Cundinamarca,2038,Iván Duque
Supata,Cundinamarca,326,Gustavo Petro
Susa,Cundinamarca,1978,Iván Duque
Susa,Cundinamarca,961,Gustavo Petro
Sutatausa,Cundinamarca,1511,Iván Duque
Sutatausa,Cundinamarca,671,Gustavo Petro
Tabio,Cundinamarca,6402,Iván Duque
Tabio,Cundinamarca,3460,Gustavo Petro
Tausa,Cundinamarca,2836,Iván Duque
Tausa,Cundinamarca,678,Gustavo Petro
Tena,Cundinamarca,2670,Iván Duque
Tena,Cundinamarca,1239,Gustavo Petro
Tenjo,Cundinamarca,6549,Iván Duque
Tenjo,Cundinamarca,3376,Gustavo Petro
Tibacuy,Cundinamarca,1395,Iván Duque
Tibacuy,Cundinamarca,717,Gustavo Petro
Tibirita,Cundinamarca,1137,Iván Duque
Tibirita,Cundinamarca,373,Gustavo Petro
Tocaima,Cundinamarca,5043,Iván Duque
Tocaima,Cundinamarca,1545,Gustavo Petro
Tocancipa,Cundinamarca,6753,Iván Duque
Tocancipa,Cundinamarca,10383,Gustavo Petro
Topaipi,Cundinamarca,1745,Iván Duque
Topaipi,Cundinamarca,264,Gustavo Petro
Ubala,Cundinamarca,3130,Iván Duque
Ubala,Cundinamarca,668,Gustavo Petro
Ubaque,Cundinamarca,2499,Iván Duque
Ubaque,Cundinamarca,966,Gustavo Petro
Ubate,Cundinamarca,10433,Iván Duque
Ubate,Cundinamarca,7087,Gustavo Petro
Une,Cundinamarca,2639,Iván Duque
Une,Cundinamarca,1212,Gustavo Petro
Utica,Cundinamarca,2453,Iván Duque
Utica,Cundinamarca,295,Gustavo Petro
Venecia,Cundinamarca,1137,Iván Duque
Venecia,Cundinamarca,615,Gustavo Petro
Vergara,Cundinamarca,3185,Iván Duque
Vergara,Cundinamarca,645,Gustavo Petro
Viani,Cundinamarca,1600,Iván Duque
Viani,Cundinamarca,447,Gustavo Petro
Villagomez,Cundinamarca,900,Iván Duque
Villagomez,Cundinamarca,189,Gustavo Petro
Villapinzon,Cundinamarca,6710,Iván Duque
Villapinzon,Cundinamarca,1561,Gustavo Petro
Villeta,Cundinamarca,10757,Iván Duque
Villeta,Cundinamarca,2682,Gustavo Petro
Viota,Cundinamarca,4200,Iván Duque
Viota,Cundinamarca,1788,Gustavo Petro
Yacopi,Cundinamarca,4273,Iván Duque
Yacopi,Cundinamarca,507,Gustavo Petro
Zipacon,Cundinamarca,1654,Iván Duque
Zipacon,Cundinamarca,866,Gustavo Petro
Zipaquira,Cundinamarca,19505,Iván Duque
Zipaquira,Cundinamarca,35517,Gustavo Petro
Barranco Minas,Guainia,120,Iván Duque
Barranco Minas,Guainia,542,Gustavo Petro
Cacahual,Guainia,11,Iván Duque
Cacahual,Guainia,10,Gustavo Petro
Inirida,Guainia,5326,Iván Duque
Inirida,Guainia,3275,Gustavo Petro
La Guadalupe,Guainia,23,Iván Duque
La Guadalupe,Guainia,9,Gustavo Petro
Mapiripana,Guainia,58,Iván Duque
Mapiripana,Guainia,41,Gustavo Petro
Morichal (morichal Nuevo),Guainia,7,Iván Duque
Morichal (morichal Nuevo),Guainia,22,Gustavo Petro
Pana Pana (campo Alegre),Guainia,60,Iván Duque
Pana Pana (campo Alegre),Guainia,90,Gustavo Petro
Puerto Colombia,Guainia,98,Iván Duque
Puerto Colombia,Guainia,43,Gustavo Petro
San Felipe,Guainia,170,Iván Duque
San Felipe,Guainia,65,Gustavo Petro
Calamar,Guaviare,662,Iván Duque
Calamar,Guaviare,1225,Gustavo Petro
El Retorno,Guaviare,2752,Iván Duque
El Retorno,Guaviare,1153,Gustavo Petro
Miraflores,Guaviare,240,Iván Duque
Miraflores,Guaviare,860,Gustavo Petro
San Jose Del Guaviare,Guaviare,12101,Iván Duque
San Jose Del Guaviare,Guaviare,6600,Gustavo Petro
Acevedo,Huila,10028,Iván Duque
Acevedo,Huila,1241,Gustavo Petro
Agrado,Huila,2765,Iván Duque
Agrado,Huila,882,Gustavo Petro
Aipe,Huila,5056,Iván Duque
Aipe,Huila,2372,Gustavo Petro
Algeciras,Huila,4631,Iván Duque
Algeciras,Huila,2659,Gustavo Petro
Altamira,Huila,1033,Iván Duque
Altamira,Huila,618,Gustavo Petro
Baraya,Huila,1952,Iván Duque
Baraya,Huila,832,Gustavo Petro
Campoalegre,Huila,8242,Iván Duque
Campoalegre,Huila,4338,Gustavo Petro
Colombia,Huila,2948,Iván Duque
Colombia,Huila,514,Gustavo Petro
Elias,Huila,1585,Iván Duque
Elias,Huila,337,Gustavo Petro
Garzon,Huila,19851,Iván Duque
Garzon,Huila,8236,Gustavo Petro
Gigante,Huila,7019,Iván Duque
Gigante,Huila,2595,Gustavo Petro
Guadalupe,Huila,5310,Iván Duque
Guadalupe,Huila,1244,Gustavo Petro
Hobo,Huila,2001,Iván Duque
Hobo,Huila,886,Gustavo Petro
Iquira,Huila,2660,Iván Duque
Iquira,Huila,1359,Gustavo Petro
Isnos,Huila,6866,Iván Duque
Isnos,Huila,3869,Gustavo Petro
La Argentina (plata Vieja),Huila,3968,Iván Duque
La Argentina (plata Vieja),Huila,1627,Gustavo Petro
La Plata,Huila,15881,Iván Duque
La Plata,Huila,6229,Gustavo Petro
Nataga,Huila,2110,Iván Duque
Nataga,Huila,687,Gustavo Petro
Neiva,Huila,80591,Iván Duque
Neiva,Huila,64239,Gustavo Petro
Oporapa,Huila,3944,Iván Duque
Oporapa,Huila,597,Gustavo Petro
Paicol,Huila,2528,Iván Duque
Paicol,Huila,444,Gustavo Petro
Palermo,Huila,7186,Iván Duque
Palermo,Huila,3364,Gustavo Petro
Palestina,Huila,4068,Iván Duque
Palestina,Huila,946,Gustavo Petro
Pital,Huila,4074,Iván Duque
Pital,Huila,1154,Gustavo Petro
Pitalito,Huila,33731,Iván Duque
Pitalito,Huila,16857,Gustavo Petro
Rivera,Huila,5381,Iván Duque
Rivera,Huila,3301,Gustavo Petro
Saladoblanco,Huila,4615,Iván Duque
Saladoblanco,Huila,624,Gustavo Petro
San Agustin,Huila,9003,Iván Duque
San Agustin,Huila,3679,Gustavo Petro
Santa Maria,Huila,4231,Iván Duque
Santa Maria,Huila,668,Gustavo Petro
Suaza,Huila,5532,Iván Duque
Suaza,Huila,1429,Gustavo Petro
Tarqui,Huila,4946,Iván Duque
Tarqui,Huila,1604,Gustavo Petro
Tello,Huila,4103,Iván Duque
Tello,Huila,1353,Gustavo Petro
Teruel,Huila,3363,Iván Duque
Teruel,Huila,514,Gustavo Petro
Tesalia (carnicerias),Huila,3595,Iván Duque
Tesalia (carnicerias),Huila,862,Gustavo Petro
Timana,Huila,7155,Iván Duque
Timana,Huila,1572,Gustavo Petro
Villavieja,Huila,1855,Iván Duque
Villavieja,Huila,1511,Gustavo Petro
Yaguara,Huila,2438,Iván Duque
Yaguara,Huila,1287,Gustavo Petro
Albania,La Guajira,2796,Iván Duque
Albania,La Guajira,5206,Gustavo Petro
Barrancas,La Guajira,3524,Iván Duque
Barrancas,La Guajira,6765,Gustavo Petro
Dibulla,La Guajira,3829,Iván Duque
Dibulla,La Guajira,4130,Gustavo Petro
Distraccion,La Guajira,2467,Iván Duque
Distraccion,La Guajira,1922,Gustavo Petro
El Molino,La Guajira,1984,Iván Duque
El Molino,La Guajira,1732,Gustavo Petro
Fonseca,La Guajira,5065,Iván Duque
Fonseca,La Guajira,8765,Gustavo Petro
Hatonuevo,La Guajira,2139,Iván Duque
Hatonuevo,La Guajira,4212,Gustavo Petro
La Jagua Del Pilar,La Guajira,959,Iván Duque
La Jagua Del Pilar,La Guajira,1068,Gustavo Petro
Maicao,La Guajira,22370,Iván Duque
Maicao,La Guajira,17957,Gustavo Petro
Manaure,La Guajira,6183,Iván Duque
Manaure,La Guajira,5242,Gustavo Petro
Riohacha,La Guajira,23288,Iván Duque
Riohacha,La Guajira,26921,Gustavo Petro
San Juan Del Cesar,La Guajira,11368,Iván Duque
San Juan Del Cesar,La Guajira,5757,Gustavo Petro
Uribia,La Guajira,13220,Iván Duque
Uribia,La Guajira,6336,Gustavo Petro
Urumita,La Guajira,1951,Iván Duque
Urumita,La Guajira,2859,Gustavo Petro
Villanueva,La Guajira,5185,Iván Duque
Villanueva,La Guajira,4399,Gustavo Petro
Algarrobo,Magdalena,1705,Iván Duque
Algarrobo,Magdalena,3428,Gustavo Petro
Aracataca,Magdalena,5447,Iván Duque
Aracataca,Magdalena,5423,Gustavo Petro
Ariguani (el Dificil),Magdalena,6561,Iván Duque
Ariguani (el Dificil),Magdalena,3717,Gustavo Petro
Cerro De San Antonio,Magdalena,2382,Iván Duque
Cerro De San Antonio,Magdalena,944,Gustavo Petro
Chivolo,Magdalena,3526,Iván Duque
Chivolo,Magdalena,2289,Gustavo Petro
Cienaga,Magdalena,17393,Iván Duque
Cienaga,Magdalena,17412,Gustavo Petro
Concordia,Magdalena,2682,Iván Duque
Concordia,Magdalena,1655,Gustavo Petro
El Banco,Magdalena,12652,Iván Duque
El Banco,Magdalena,6840,Gustavo Petro
El Piñon,Magdalena,3304,Iván Duque
El Piñon,Magdalena,2852,Gustavo Petro
El Reten,Magdalena,2191,Iván Duque
El Reten,Magdalena,3779,Gustavo Petro
Fundacion,Magdalena,13973,Iván Duque
Fundacion,Magdalena,8007,Gustavo Petro
Guamal,Magdalena,6194,Iván Duque
Guamal,Magdalena,2732,Gustavo Petro
Nueva Granada,Magdalena,5381,Iván Duque
Nueva Granada,Magdalena,1900,Gustavo Petro
Pedraza,Magdalena,2591,Iván Duque
Pedraza,Magdalena,947,Gustavo Petro
Pijiño Del Carmen,Magdalena,3048,Iván Duque
Pijiño Del Carmen,Magdalena,1363,Gustavo Petro
Pivijay,Magdalena,5174,Iván Duque
Pivijay,Magdalena,7535,Gustavo Petro
Plato,Magdalena,9307,Iván Duque
Plato,Magdalena,8201,Gustavo Petro
Puebloviejo,Magdalena,4843,Iván Duque
Puebloviejo,Magdalena,3071,Gustavo Petro
Remolino,Magdalena,1634,Iván Duque
Remolino,Magdalena,1556,Gustavo Petro
Sabanas De San Angel,Magdalena,4068,Iván Duque
Sabanas De San Angel,Magdalena,1169,Gustavo Petro
Salamina,Magdalena,2310,Iván Duque
Salamina,Magdalena,1475,Gustavo Petro
San Sebastian De Buenavista,Magdalena,4492,Iván Duque
San Sebastian De Buenavista,Magdalena,3382,Gustavo Petro
San Zenon,Magdalena,2385,Iván Duque
San Zenon,Magdalena,1985,Gustavo Petro
Santa Ana,Magdalena,6136,Iván Duque
Santa Ana,Magdalena,1859,Gustavo Petro
Santa Barbara De Pinto,Magdalena,1857,Iván Duque
Santa Barbara De Pinto,Magdalena,1987,Gustavo Petro
Santa Marta,Magdalena,79800,Iván Duque
Santa Marta,Magdalena,89242,Gustavo Petro
Sitionuevo,Magdalena,3170,Iván Duque
Sitionuevo,Magdalena,2863,Gustavo Petro
Tenerife,Magdalena,2494,Iván Duque
Tenerife,Magdalena,1863,Gustavo Petro
Zapayan,Magdalena,2834,Iván Duque
Zapayan,Magdalena,793,Gustavo Petro
Zona Bananera (sevilla),Magdalena,6602,Iván Duque
Zona Bananera (sevilla),Magdalena,11298,Gustavo Petro
Acacias,Meta,26978,Iván Duque
Acacias,Meta,11475,Gustavo Petro
Barranca De Upia,Meta,1781,Iván Duque
Barranca De Upia,Meta,705,Gustavo Petro
Cabuyaro,Meta,2245,Iván Duque
Cabuyaro,Meta,554,Gustavo Petro
Castilla La Nueva,Meta,5312,Iván Duque
Castilla La Nueva,Meta,2149,Gustavo Petro
Cubarral,Meta,2347,Iván Duque
Cubarral,Meta,527,Gustavo Petro
Cumaral,Meta,7236,Iván Duque
Cumaral,Meta,2812,Gustavo Petro
El Calvario,Meta,710,Iván Duque
El Calvario,Meta,149,Gustavo Petro
El Castillo,Meta,1418,Iván Duque
El Castillo,Meta,1330,Gustavo Petro
El Dorado,Meta,1540,Iván Duque
El Dorado,Meta,392,Gustavo Petro
Fuente De Oro,Meta,3369,Iván Duque
Fuente De Oro,Meta,1542,Gustavo Petro
Granada,Meta,18612,Iván Duque
Granada,Meta,8234,Gustavo Petro
Guamal,Meta,5768,Iván Duque
Guamal,Meta,1546,Gustavo Petro
La Macarena,Meta,1624,Iván Duque
La Macarena,Meta,1553,Gustavo Petro
Lejanias,Meta,2913,Iván Duque
Lejanias,Meta,1105,Gustavo Petro
Mapiripan,Meta,1210,Iván Duque
Mapiripan,Meta,423,Gustavo Petro
Mesetas,Meta,1938,Iván Duque
Mesetas,Meta,1770,Gustavo Petro
Puerto Concordia,Meta,1742,Iván Duque
Puerto Concordia,Meta,1094,Gustavo Petro
Puerto Gaitan,Meta,7802,Iván Duque
Puerto Gaitan,Meta,5747,Gustavo Petro
Puerto Lleras,Meta,2419,Iván Duque
Puerto Lleras,Meta,742,Gustavo Petro
Puerto Lopez,Meta,10088,Iván Duque
Puerto Lopez,Meta,3125,Gustavo Petro
Puerto Rico,Meta,2441,Iván Duque
Puerto Rico,Meta,1826,Gustavo Petro
Restrepo,Meta,6160,Iván Duque
Restrepo,Meta,2302,Gustavo Petro
San Carlos De Guaroa,Meta,3812,Iván Duque
San Carlos De Guaroa,Meta,978,Gustavo Petro
San Juan De Arama,Meta,2068,Iván Duque
San Juan De Arama,Meta,995,Gustavo Petro
San Juanito,Meta,655,Iván Duque
San Juanito,Meta,107,Gustavo Petro
San Martin De Los Llanos,Meta,8052,Iván Duque
San Martin De Los Llanos,Meta,2101,Gustavo Petro
Uribe,Meta,284,Iván Duque
Uribe,Meta,2248,Gustavo Petro
Villavicencio,Meta,130209,Iván Duque
Villavicencio,Meta,71821,Gustavo Petro
Vista Hermosa,Meta,3780,Iván Duque
Vista Hermosa,Meta,2467,Gustavo Petro
Alban (san Jose),Nariño,3039,Iván Duque
Alban (san Jose),Nariño,999,Gustavo Petro
Aldana,Nariño,1321,Iván Duque
Aldana,Nariño,1947,Gustavo Petro
Ancuya,Nariño,1504,Iván Duque
Ancuya,Nariño,2274,Gustavo Petro
Arboleda (berruecos),Nariño,1848,Iván Duque
Arboleda (berruecos),Nariño,1160,Gustavo Petro
Barbacoas,Nariño,2581,Iván Duque
Barbacoas,Nariño,3302,Gustavo Petro
Belen,Nariño,1474,Iván Duque
Belen,Nariño,1666,Gustavo Petro
Buesaco,Nariño,6273,Iván Duque
Buesaco,Nariño,2847,Gustavo Petro
Chachagui,Nariño,2127,Iván Duque
Chachagui,Nariño,3514,Gustavo Petro
Colon (genova),Nariño,1116,Iván Duque
Colon (genova),Nariño,2340,Gustavo Petro
Consaca,Nariño,1978,Iván Duque
Consaca,Nariño,2734,Gustavo Petro
Contadero,Nariño,1215,Iván Duque
Contadero,Nariño,1944,Gustavo Petro
Cordoba,Nariño,1219,Iván Duque
Cordoba,Nariño,4256,Gustavo Petro
Cuaspud (carlosama),Nariño,1655,Iván Duque
Cuaspud (carlosama),Nariño,2057,Gustavo Petro
Cumbal,Nariño,3472,Iván Duque
Cumbal,Nariño,10743,Gustavo Petro
Cumbitara,Nariño,179,Iván Duque
Cumbitara,Nariño,2700,Gustavo Petro
El Charco,Nariño,972,Iván Duque
El Charco,Nariño,4956,Gustavo Petro
El Peñol,Nariño,1060,Iván Duque
El Peñol,Nariño,2171,Gustavo Petro
El Rosario,Nariño,307,Iván Duque
El Rosario,Nariño,3155,Gustavo Petro
El Tablon,Nariño,3099,Iván Duque
El Tablon,Nariño,2724,Gustavo Petro
El Tambo,Nariño,3656,Iván Duque
El Tambo,Nariño,3238,Gustavo Petro
Francisco Pizarro (salahonda),Nariño,437,Iván Duque
Francisco Pizarro (salahonda),Nariño,1608,Gustavo Petro
Funes,Nariño,1701,Iván Duque
Funes,Nariño,1408,Gustavo Petro
Guachucal,Nariño,1756,Iván Duque
Guachucal,Nariño,7133,Gustavo Petro
Guaitarilla,Nariño,1330,Iván Duque
Guaitarilla,Nariño,4175,Gustavo Petro
Gualmatan,Nariño,908,Iván Duque
Gualmatan,Nariño,2118,Gustavo Petro
Iles,Nariño,953,Iván Duque
Iles,Nariño,2667,Gustavo Petro
Imues,Nariño,1332,Iván Duque
Imues,Nariño,1861,Gustavo Petro
Ipiales,Nariño,16830,Iván Duque
Ipiales,Nariño,24787,Gustavo Petro
La Cruz,Nariño,4227,Iván Duque
La Cruz,Nariño,3631,Gustavo Petro
La Florida,Nariño,1732,Iván Duque
La Florida,Nariño,3187,Gustavo Petro
La Llanada,Nariño,526,Iván Duque
La Llanada,Nariño,1344,Gustavo Petro
La Tola,Nariño,458,Iván Duque
La Tola,Nariño,1173,Gustavo Petro
La Union,Nariño,6801,Iván Duque
La Union,Nariño,5217,Gustavo Petro
Leiva,Nariño,359,Iván Duque
Leiva,Nariño,3374,Gustavo Petro
Linares,Nariño,1440,Iván Duque
Linares,Nariño,3610,Gustavo Petro
Los Andes (sotomayor),Nariño,859,Iván Duque
Los Andes (sotomayor),Nariño,3348,Gustavo Petro
Magui (payan),Nariño,337,Iván Duque
Magui (payan),Nariño,2167,Gustavo Petro
Mallama (piedrancha),Nariño,429,Iván Duque
Mallama (piedrancha),Nariño,2554,Gustavo Petro
Mosquera,Nariño,214,Iván Duque
Mosquera,Nariño,2093,Gustavo Petro
Nariño,Nariño,1089,Iván Duque
Nariño,Nariño,1795,Gustavo Petro
Olaya Herrera,Nariño,765,Iván Duque
Olaya Herrera,Nariño,4293,Gustavo Petro
Ospina,Nariño,1272,Iván Duque
Ospina,Nariño,1476,Gustavo Petro
Pasto,Nariño,47388,Iván Duque
Pasto,Nariño,115459,Gustavo Petro
Policarpa,Nariño,227,Iván Duque
Policarpa,Nariño,4608,Gustavo Petro
Potosi,Nariño,1933,Iván Duque
Potosi,Nariño,3011,Gustavo Petro
Providencia,Nariño,298,Iván Duque
Providencia,Nariño,2431,Gustavo Petro
Puerres,Nariño,1616,Iván Duque
Puerres,Nariño,2874,Gustavo Petro
Pupiales,Nariño,3309,Iván Duque
Pupiales,Nariño,4490,Gustavo Petro
Ricaurte,Nariño,908,Iván Duque
Ricaurte,Nariño,5671,Gustavo Petro
Roberto Payan (san Jose),Nariño,440,Iván Duque
Roberto Payan (san Jose),Nariño,2427,Gustavo Petro
Samaniego,Nariño,1581,Iván Duque
Samaniego,Nariño,9333,Gustavo Petro
San Bernardo,Nariño,2571,Iván Duque
San Bernardo,Nariño,1405,Gustavo Petro
San Lorenzo,Nariño,2920,Iván Duque
San Lorenzo,Nariño,3736,Gustavo Petro
San Pablo,Nariño,1784,Iván Duque
San Pablo,Nariño,4271,Gustavo Petro
San Pedro De Cartago,Nariño,2283,Iván Duque
San Pedro De Cartago,Nariño,943,Gustavo Petro
Sandona,Nariño,3027,Iván Duque
Sandona,Nariño,5618,Gustavo Petro
Santa Barbara (iscuande),Nariño,635,Iván Duque
Santa Barbara (iscuande),Nariño,1163,Gustavo Petro
Santacruz (guachaves),Nariño,380,Iván Duque
Santacruz (guachaves),Nariño,3315,Gustavo Petro
Sapuyes,Nariño,1265,Iván Duque
Sapuyes,Nariño,1887,Gustavo Petro
Taminango,Nariño,1326,Iván Duque
Taminango,Nariño,6212,Gustavo Petro
Tangua,Nariño,1733,Iván Duque
Tangua,Nariño,2898,Gustavo Petro
Tumaco,Nariño,25171,Iván Duque
Tumaco,Nariño,22338,Gustavo Petro
Tuquerres,Nariño,4398,Iván Duque
Tuquerres,Nariño,13700,Gustavo Petro
Yacuanquer,Nariño,1545,Iván Duque
Yacuanquer,Nariño,3137,Gustavo Petro
Abrego,Norte De San,10551,Iván Duque
Abrego,Norte De San,1461,Gustavo Petro
Arboledas,Norte De San,3795,Iván Duque
Arboledas,Norte De San,386,Gustavo Petro
Bochalema,Norte De San,3561,Iván Duque
Bochalema,Norte De San,441,Gustavo Petro
Bucarasica,Norte De San,1983,Iván Duque
Bucarasica,Norte De San,147,Gustavo Petro
Cachira,Norte De San,3719,Iván Duque
Cachira,Norte De San,269,Gustavo Petro
Cacota,Norte De San,1299,Iván Duque
Cacota,Norte De San,110,Gustavo Petro
Chinacota,Norte De San,6522,Iván Duque
Chinacota,Norte De San,1197,Gustavo Petro
Chitaga,Norte De San,4433,Iván Duque
Chitaga,Norte De San,421,Gustavo Petro
Convencion,Norte De San,2943,Iván Duque
Convencion,Norte De San,2050,Gustavo Petro
Cucuta,Norte De San,250405,Iván Duque
Cucuta,Norte De San,47204,Gustavo Petro
Cucutilla,Norte De San,3464,Iván Duque
Cucutilla,Norte De San,366,Gustavo Petro
Durania,Norte De San,2133,Iván Duque
Durania,Norte De San,273,Gustavo Petro
El Carmen,Norte De San,3155,Iván Duque
El Carmen,Norte De San,957,Gustavo Petro
El Tarra,Norte De San,703,Iván Duque
El Tarra,Norte De San,4298,Gustavo Petro
El Zulia,Norte De San,9527,Iván Duque
El Zulia,Norte De San,1459,Gustavo Petro
Gramalote,Norte De San,2874,Iván Duque
Gramalote,Norte De San,268,Gustavo Petro
Hacari,Norte De San,586,Iván Duque
Hacari,Norte De San,2183,Gustavo Petro
Herran,Norte De San,1796,Iván Duque
Herran,Norte De San,121,Gustavo Petro
La Esperanza,Norte De San,3724,Iván Duque
La Esperanza,Norte De San,874,Gustavo Petro
La Playa,Norte De San,2058,Iván Duque
La Playa,Norte De San,674,Gustavo Petro
Labateca,Norte De San,2275,Iván Duque
Labateca,Norte De San,272,Gustavo Petro
Los Patios,Norte De San,31977,Iván Duque
Los Patios,Norte De San,6258,Gustavo Petro
Lourdes,Norte De San,2021,Iván Duque
Lourdes,Norte De San,62,Gustavo Petro
Mutiscua,Norte De San,1656,Iván Duque
Mutiscua,Norte De San,88,Gustavo Petro
Ocaña,Norte De San,31523,Iván Duque
Ocaña,Norte De San,11191,Gustavo Petro
Pamplona,Norte De San,17284,Iván Duque
Pamplona,Norte De San,8641,Gustavo Petro
Pamplonita,Norte De San,2489,Iván Duque
Pamplonita,Norte De San,173,Gustavo Petro
Puerto Santander,Norte De San,4907,Iván Duque
Puerto Santander,Norte De San,527,Gustavo Petro
Ragonvalia,Norte De San,3098,Iván Duque
Ragonvalia,Norte De San,206,Gustavo Petro
Salazar,Norte De San,4302,Iván Duque
Salazar,Norte De San,370,Gustavo Petro
San Calixto,Norte De San,209,Iván Duque
San Calixto,Norte De San,2851,Gustavo Petro
San Cayetano,Norte De San,3225,Iván Duque
San Cayetano,Norte De San,433,Gustavo Petro
Santiago,Norte De San,1609,Iván Duque
Santiago,Norte De San,241,Gustavo Petro
Sardinata,Norte De San,6719,Iván Duque
Sardinata,Norte De San,1065,Gustavo Petro
Silos,Norte De San,2618,Iván Duque
Silos,Norte De San,107,Gustavo Petro
Teorama,Norte De San,843,Iván Duque
Teorama,Norte De San,3179,Gustavo Petro
Tibu,Norte De San,7858,Iván Duque
Tibu,Norte De San,6493,Gustavo Petro
Toledo,Norte De San,5787,Iván Duque
Toledo,Norte De San,684,Gustavo Petro
Villa Caro,Norte De San,2087,Iván Duque
Villa Caro,Norte De San,80,Gustavo Petro
Villa Del Rosario,Norte De San,34286,Iván Duque
Villa Del Rosario,Norte De San,4416,Gustavo Petro
Colon,Putumayo,1026,Iván Duque
Colon,Putumayo,1430,Gustavo Petro
Mocoa,Putumayo,6354,Iván Duque
Mocoa,Putumayo,13984,Gustavo Petro
Orito,Putumayo,1790,Iván Duque
Orito,Putumayo,12048,Gustavo Petro
Puerto Asis,Putumayo,6274,Iván Duque
Puerto Asis,Putumayo,12887,Gustavo Petro
Puerto Caicedo,Putumayo,606,Iván Duque
Puerto Caicedo,Putumayo,3861,Gustavo Petro
Puerto Guzman,Putumayo,1770,Iván Duque
Puerto Guzman,Putumayo,2837,Gustavo Petro
Puerto Leguizamo,Putumayo,3259,Iván Duque
Puerto Leguizamo,Putumayo,2194,Gustavo Petro
San Francisco,Putumayo,1229,Iván Duque
San Francisco,Putumayo,1355,Gustavo Petro
San Miguel (la Dorada),Putumayo,595,Iván Duque
San Miguel (la Dorada),Putumayo,4920,Gustavo Petro
Santiago,Putumayo,1043,Iván Duque
Santiago,Putumayo,1832,Gustavo Petro
Sibundoy,Putumayo,2166,Iván Duque
Sibundoy,Putumayo,3952,Gustavo Petro
Valle Del Guamuez (la Hormiga),Putumayo,1226,Iván Duque
Valle Del Guamuez (la Hormiga),Putumayo,10680,Gustavo Petro
Villagarzon,Putumayo,3580,Iván Duque
Villagarzon,Putumayo,5240,Gustavo Petro
Armenia,Quindio,81919,Iván Duque
Armenia,Quindio,46726,Gustavo Petro
Buenavista,Quindio,966,Iván Duque
Buenavista,Quindio,325,Gustavo Petro
Calarca,Quindio,21710,Iván Duque
Calarca,Quindio,9339,Gustavo Petro
Circasia,Quindio,8856,Iván Duque
Circasia,Quindio,3646,Gustavo Petro
Cordoba,Quindio,1530,Iván Duque
Cordoba,Quindio,917,Gustavo Petro
Filandia,Quindio,4065,Iván Duque
Filandia,Quindio,1339,Gustavo Petro
Genova,Quindio,2730,Iván Duque
Genova,Quindio,914,Gustavo Petro
La Tebaida,Quindio,8883,Iván Duque
La Tebaida,Quindio,4776,Gustavo Petro
Montenegro,Quindio,11912,Iván Duque
Montenegro,Quindio,3896,Gustavo Petro
Pijao,Quindio,2324,Iván Duque
Pijao,Quindio,709,Gustavo Petro
Quimbaya,Quindio,9711,Iván Duque
Quimbaya,Quindio,4724,Gustavo Petro
Salento,Quindio,2367,Iván Duque
Salento,Quindio,760,Gustavo Petro
Apia,Risaralda,4426,Iván Duque
Apia,Risaralda,985,Gustavo Petro
Balboa,Risaralda,2008,Iván Duque
Balboa,Risaralda,583,Gustavo Petro
Belen De Umbria,Risaralda,8873,Iván Duque
Belen De Umbria,Risaralda,1891,Gustavo Petro
Dosquebradas,Risaralda,52025,Iván Duque
Dosquebradas,Risaralda,30550,Gustavo Petro
Guatica,Risaralda,4307,Iván Duque
Guatica,Risaralda,1126,Gustavo Petro
La Celia,Risaralda,2693,Iván Duque
La Celia,Risaralda,642,Gustavo Petro
La Virginia,Risaralda,10084,Iván Duque
La Virginia,Risaralda,4384,Gustavo Petro
Marsella,Risaralda,5757,Iván Duque
Marsella,Risaralda,1916,Gustavo Petro
Mistrato,Risaralda,3134,Iván Duque
Mistrato,Risaralda,2431,Gustavo Petro
Pereira,Risaralda,128396,Iván Duque
Pereira,Risaralda,74834,Gustavo Petro
Pueblo Rico,Risaralda,2067,Iván Duque
Pueblo Rico,Risaralda,2552,Gustavo Petro
Quinchia,Risaralda,6052,Iván Duque
Quinchia,Risaralda,3806,Gustavo Petro
Santa Rosa De Cabal,Risaralda,22814,Iván Duque
Santa Rosa De Cabal,Risaralda,10137,Gustavo Petro
Santuario,Risaralda,4631,Iván Duque
Santuario,Risaralda,809,Gustavo Petro
Providencia,San Andres,945,Iván Duque
Providencia,San Andres,391,Gustavo Petro
San Andres,San Andres,8358,Iván Duque
San Andres,San Andres,4891,Gustavo Petro
Aguada,Santander,675,Iván Duque
Aguada,Santander,133,Gustavo Petro
Albania,Santander,1177,Iván Duque
Albania,Santander,416,Gustavo Petro
Aratoca,Santander,2307,Iván Duque
Aratoca,Santander,908,Gustavo Petro
Barbosa,Santander,6822,Iván Duque
Barbosa,Santander,6318,Gustavo Petro
Barichara,Santander,2867,Iván Duque
Barichara,Santander,912,Gustavo Petro
Barrancabermeja,Santander,33195,Iván Duque
Barrancabermeja,Santander,60583,Gustavo Petro
Betulia,Santander,1675,Iván Duque
Betulia,Santander,564,Gustavo Petro
Bolivar,Santander,2784,Iván Duque
Bolivar,Santander,1243,Gustavo Petro
Bucaramanga,Santander,168312,Iván Duque
Bucaramanga,Santander,107542,Gustavo Petro
Cabrera,Santander,819,Iván Duque
Cabrera,Santander,97,Gustavo Petro
California,Santander,1000,Iván Duque
California,Santander,114,Gustavo Petro
Capitanejo,Santander,2088,Iván Duque
Capitanejo,Santander,325,Gustavo Petro
Carcasi,Santander,1675,Iván Duque
Carcasi,Santander,284,Gustavo Petro
Cepita,Santander,983,Iván Duque
Cepita,Santander,170,Gustavo Petro
Cerrito,Santander,2299,Iván Duque
Cerrito,Santander,390,Gustavo Petro
Charala,Santander,3439,Iván Duque
Charala,Santander,1643,Gustavo Petro
Charta,Santander,1931,Iván Duque
Charta,Santander,213,Gustavo Petro
Chima,Santander,922,Iván Duque
Chima,Santander,249,Gustavo Petro
Chipata,Santander,1072,Iván Duque
Chipata,Santander,639,Gustavo Petro
Cimitarra,Santander,8566,Iván Duque
Cimitarra,Santander,4186,Gustavo Petro
Concepcion,Santander,2040,Iván Duque
Concepcion,Santander,522,Gustavo Petro
Confines,Santander,1329,Iván Duque
Confines,Santander,205,Gustavo Petro
Contratacion,Santander,1207,Iván Duque
Contratacion,Santander,359,Gustavo Petro
Coromoro,Santander,2078,Iván Duque
Coromoro,Santander,408,Gustavo Petro
Curiti,Santander,3822,Iván Duque
Curiti,Santander,1466,Gustavo Petro
El Carmen,Santander,5331,Iván Duque
El Carmen,Santander,608,Gustavo Petro
El Guacamayo,Santander,717,Iván Duque
El Guacamayo,Santander,113,Gustavo Petro
El Peñon,Santander,1228,Iván Duque
El Peñon,Santander,479,Gustavo Petro
El Playon,Santander,5026,Iván Duque
El Playon,Santander,980,Gustavo Petro
Encino,Santander,930,Iván Duque
Encino,Santander,186,Gustavo Petro
Enciso,Santander,1394,Iván Duque
Enciso,Santander,317,Gustavo Petro
Florian,Santander,1474,Iván Duque
Florian,Santander,902,Gustavo Petro
Floridablanca,Santander,74245,Iván Duque
Floridablanca,Santander,43168,Gustavo Petro
Galan,Santander,1278,Iván Duque
Galan,Santander,187,Gustavo Petro
Gambita,Santander,1468,Iván Duque
Gambita,Santander,292,Gustavo Petro
Giron,Santander,41926,Iván Duque
Giron,Santander,23177,Gustavo Petro
Guaca,Santander,2543,Iván Duque
Guaca,Santander,442,Gustavo Petro
Guadalupe,Santander,2129,Iván Duque
Guadalupe,Santander,381,Gustavo Petro
Guapota,Santander,924,Iván Duque
Guapota,Santander,152,Gustavo Petro
Guavata,Santander,1198,Iván Duque
Guavata,Santander,910,Gustavo Petro
Guepsa,Santander,1107,Iván Duque
Guepsa,Santander,915,Gustavo Petro
Hato,Santander,602,Iván Duque
Hato,Santander,342,Gustavo Petro
Jesus Maria,Santander,1001,Iván Duque
Jesus Maria,Santander,639,Gustavo Petro
Jordan,Santander,702,Iván Duque
Jordan,Santander,69,Gustavo Petro
La Belleza,Santander,2465,Iván Duque
La Belleza,Santander,487,Gustavo Petro
La Paz,Santander,1585,Iván Duque
La Paz,Santander,322,Gustavo Petro
Landazuri,Santander,3021,Iván Duque
Landazuri,Santander,1349,Gustavo Petro
Lebrija,Santander,14806,Iván Duque
Lebrija,Santander,3648,Gustavo Petro
Los Santos,Santander,4332,Iván Duque
Los Santos,Santander,898,Gustavo Petro
Macaravita,Santander,980,Iván Duque
Macaravita,Santander,130,Gustavo Petro
Malaga,Santander,6379,Iván Duque
Malaga,Santander,2391,Gustavo Petro
Matanza,Santander,2494,Iván Duque
Matanza,Santander,444,Gustavo Petro
Mogotes,Santander,3173,Iván Duque
Mogotes,Santander,759,Gustavo Petro
Molagavita,Santander,1869,Iván Duque
Molagavita,Santander,185,Gustavo Petro
Ocamonte,Santander,1890,Iván Duque
Ocamonte,Santander,325,Gustavo Petro
Oiba,Santander,3749,Iván Duque
Oiba,Santander,1108,Gustavo Petro
Onzaga,Santander,1535,Iván Duque
Onzaga,Santander,278,Gustavo Petro
Palmar,Santander,551,Iván Duque
Palmar,Santander,248,Gustavo Petro
Palmas Del Socorro,Santander,1185,Iván Duque
Palmas Del Socorro,Santander,225,Gustavo Petro
Paramo,Santander,1848,Iván Duque
Paramo,Santander,364,Gustavo Petro
Piedecuesta,Santander,41813,Iván Duque
Piedecuesta,Santander,23431,Gustavo Petro
Pinchote,Santander,1417,Iván Duque
Pinchote,Santander,598,Gustavo Petro
Puente Nacional,Santander,3677,Iván Duque
Puente Nacional,Santander,2825,Gustavo Petro
Puerto Parra,Santander,2047,Iván Duque
Puerto Parra,Santander,895,Gustavo Petro
Puerto Wilches,Santander,6298,Iván Duque
Puerto Wilches,Santander,5623,Gustavo Petro
Rionegro,Santander,9291,Iván Duque
Rionegro,Santander,2384,Gustavo Petro
Sabana De Torres,Santander,7300,Iván Duque
Sabana De Torres,Santander,3564,Gustavo Petro
San Andres,Santander,2833,Iván Duque
San Andres,Santander,741,Gustavo Petro
San Benito,Santander,1060,Iván Duque
San Benito,Santander,285,Gustavo Petro
San Gil,Santander,14024,Iván Duque
San Gil,Santander,9554,Gustavo Petro
San Joaquin,Santander,981,Iván Duque
San Joaquin,Santander,176,Gustavo Petro
San Jose De Miranda,Santander,2151,Iván Duque
San Jose De Miranda,Santander,311,Gustavo Petro
San Miguel,Santander,995,Iván Duque
San Miguel,Santander,204,Gustavo Petro
San Vicente De Chucuri,Santander,8673,Iván Duque
San Vicente De Chucuri,Santander,3255,Gustavo Petro
Santa Barbara,Santander,860,Iván Duque
Santa Barbara,Santander,433,Gustavo Petro
Santa Helena Del Opon,Santander,1223,Iván Duque
Santa Helena Del Opon,Santander,247,Gustavo Petro
Simacota,Santander,2222,Iván Duque
Simacota,Santander,937,Gustavo Petro
Socorro,Santander,9696,Iván Duque
Socorro,Santander,3978,Gustavo Petro
Suaita,Santander,2955,Iván Duque
Suaita,Santander,1000,Gustavo Petro
Sucre,Santander,2199,Iván Duque
Sucre,Santander,548,Gustavo Petro
Surata,Santander,1469,Iván Duque
Surata,Santander,462,Gustavo Petro
Tona,Santander,2417,Iván Duque
Tona,Santander,500,Gustavo Petro
Valle De San Jose,Santander,2111,Iván Duque
Valle De San Jose,Santander,777,Gustavo Petro
Velez,Santander,4643,Iván Duque
Velez,Santander,3517,Gustavo Petro
Vetas,Santander,927,Iván Duque
Vetas,Santander,69,Gustavo Petro
Villanueva,Santander,3033,Iván Duque
Villanueva,Santander,702,Gustavo Petro
Zapatoca,Santander,3230,Iván Duque
Zapatoca,Santander,899,Gustavo Petro
Buenavista,Sucre,2229,Iván Duque
Buenavista,Sucre,2342,Gustavo Petro
Caimito,Sucre,1611,Iván Duque
Caimito,Sucre,3216,Gustavo Petro
Chalan,Sucre,1485,Iván Duque
Chalan,Sucre,927,Gustavo Petro
Coloso (ricaurte),Sucre,2203,Iván Duque
Coloso (ricaurte),Sucre,1841,Gustavo Petro
Corozal,Sucre,11687,Iván Duque
Corozal,Sucre,14605,Gustavo Petro
Coveñas,Sucre,3210,Iván Duque
Coveñas,Sucre,2830,Gustavo Petro
El Roble,Sucre,1807,Iván Duque
El Roble,Sucre,2967,Gustavo Petro
Galeras (nueva Granada),Sucre,6164,Iván Duque
Galeras (nueva Granada),Sucre,2443,Gustavo Petro
Guaranda,Sucre,5026,Iván Duque
Guaranda,Sucre,1091,Gustavo Petro
La Union,Sucre,1789,Iván Duque
La Union,Sucre,3203,Gustavo Petro
Los Palmitos,Sucre,3591,Iván Duque
Los Palmitos,Sucre,7225,Gustavo Petro
Majagual,Sucre,11051,Iván Duque
Majagual,Sucre,2972,Gustavo Petro
Morroa,Sucre,3344,Iván Duque
Morroa,Sucre,4297,Gustavo Petro
Ovejas,Sucre,5040,Iván Duque
Ovejas,Sucre,6095,Gustavo Petro
Palmito,Sucre,2661,Iván Duque
Palmito,Sucre,3027,Gustavo Petro
Sampues,Sucre,8556,Iván Duque
Sampues,Sucre,9561,Gustavo Petro
San Benito Abad,Sucre,5192,Iván Duque
San Benito Abad,Sucre,3963,Gustavo Petro
San Juan De Betulia (betulia),Sucre,2758,Iván Duque
San Juan De Betulia (betulia),Sucre,3727,Gustavo Petro
San Marcos,Sucre,10781,Iván Duque
San Marcos,Sucre,8850,Gustavo Petro
San Onofre,Sucre,7798,Iván Duque
San Onofre,Sucre,9402,Gustavo Petro
San Pedro,Sucre,4209,Iván Duque
San Pedro,Sucre,4274,Gustavo Petro
Since,Sucre,6940,Iván Duque
Since,Sucre,6304,Gustavo Petro
Sincelejo,Sucre,45607,Iván Duque
Sincelejo,Sucre,59566,Gustavo Petro
Sucre,Sucre,7201,Iván Duque
Sucre,Sucre,2659,Gustavo Petro
Tolu,Sucre,4116,Iván Duque
Tolu,Sucre,6852,Gustavo Petro
Toluviejo,Sucre,5266,Iván Duque
Toluviejo,Sucre,4695,Gustavo Petro
Alpujarra,Tolima,1820,Iván Duque
Alpujarra,Tolima,276,Gustavo Petro
Alvarado,Tolima,2509,Iván Duque
Alvarado,Tolima,1292,Gustavo Petro
Ambalema,Tolima,1751,Iván Duque
Ambalema,Tolima,1245,Gustavo Petro
Anzoategui,Tolima,3117,Iván Duque
Anzoategui,Tolima,645,Gustavo Petro
Armero (guayabal),Tolima,2708,Iván Duque
Armero (guayabal),Tolima,2003,Gustavo Petro
Ataco,Tolima,6640,Iván Duque
Ataco,Tolima,909,Gustavo Petro
Cajamarca,Tolima,5807,Iván Duque
Cajamarca,Tolima,2225,Gustavo Petro
Carmen De Apicala,Tolima,3954,Iván Duque
Carmen De Apicala,Tolima,1213,Gustavo Petro
Casabianca,Tolima,2348,Iván Duque
Casabianca,Tolima,430,Gustavo Petro
Chaparral,Tolima,13089,Iván Duque
Chaparral,Tolima,4238,Gustavo Petro
Coello,Tolima,2106,Iván Duque
Coello,Tolima,1653,Gustavo Petro
Coyaima,Tolima,4398,Iván Duque
Coyaima,Tolima,3662,Gustavo Petro
Cunday,Tolima,3180,Iván Duque
Cunday,Tolima,639,Gustavo Petro
Dolores,Tolima,2933,Iván Duque
Dolores,Tolima,638,Gustavo Petro
Espinal,Tolima,22275,Iván Duque
Espinal,Tolima,9835,Gustavo Petro
Falan,Tolima,1922,Iván Duque
Falan,Tolima,967,Gustavo Petro
Flandes,Tolima,6680,Iván Duque
Flandes,Tolima,2811,Gustavo Petro
Fresno,Tolima,10324,Iván Duque
Fresno,Tolima,2277,Gustavo Petro
Guamo,Tolima,10232,Iván Duque
Guamo,Tolima,2789,Gustavo Petro
Herveo,Tolima,2346,Iván Duque
Herveo,Tolima,465,Gustavo Petro
Honda,Tolima,6709,Iván Duque
Honda,Tolima,4005,Gustavo Petro
Ibague,Tolima,147723,Iván Duque
Ibague,Tolima,83798,Gustavo Petro
Icononzo,Tolima,2500,Iván Duque
Icononzo,Tolima,1824,Gustavo Petro
Lerida,Tolima,4169,Iván Duque
Lerida,Tolima,3169,Gustavo Petro
Libano,Tolima,9518,Iván Duque
Libano,Tolima,6181,Gustavo Petro
Mariquita,Tolima,9257,Iván Duque
Mariquita,Tolima,4666,Gustavo Petro
Melgar,Tolima,12347,Iván Duque
Melgar,Tolima,3154,Gustavo Petro
Murillo,Tolima,1258,Iván Duque
Murillo,Tolima,421,Gustavo Petro
Natagaima,Tolima,3768,Iván Duque
Natagaima,Tolima,3130,Gustavo Petro
Ortega,Tolima,8195,Iván Duque
Ortega,Tolima,3557,Gustavo Petro
Palocabildo,Tolima,2882,Iván Duque
Palocabildo,Tolima,941,Gustavo Petro
Piedras,Tolima,1449,Iván Duque
Piedras,Tolima,1337,Gustavo Petro
Planadas,Tolima,6532,Iván Duque
Planadas,Tolima,2265,Gustavo Petro
Prado,Tolima,3180,Iván Duque
Prado,Tolima,895,Gustavo Petro
Purificacion,Tolima,5635,Iván Duque
Purificacion,Tolima,4592,Gustavo Petro
Rioblanco,Tolima,5503,Iván Duque
Rioblanco,Tolima,1150,Gustavo Petro
Roncesvalles,Tolima,1602,Iván Duque
Roncesvalles,Tolima,339,Gustavo Petro
Rovira,Tolima,7406,Iván Duque
Rovira,Tolima,1419,Gustavo Petro
Saldaña,Tolima,4337,Iván Duque
Saldaña,Tolima,1792,Gustavo Petro
San Antonio,Tolima,4726,Iván Duque
San Antonio,Tolima,627,Gustavo Petro
San Luis,Tolima,5262,Iván Duque
San Luis,Tolima,1154,Gustavo Petro
Santa Isabel,Tolima,2376,Iván Duque
Santa Isabel,Tolima,412,Gustavo Petro
Suarez,Tolima,1838,Iván Duque
Suarez,Tolima,468,Gustavo Petro
Valle De San Juan,Tolima,2398,Iván Duque
Valle De San Juan,Tolima,332,Gustavo Petro
Venadillo,Tolima,3947,Iván Duque
Venadillo,Tolima,1881,Gustavo Petro
Villahermosa,Tolima,2989,Iván Duque
Villahermosa,Tolima,531,Gustavo Petro
Villarrica,Tolima,2121,Iván Duque
Villarrica,Tolima,403,Gustavo Petro
Alcala,Valle,3430,Iván Duque
Alcala,Valle,1554,Gustavo Petro
Andalucia,Valle,4061,Iván Duque
Andalucia,Valle,4895,Gustavo Petro
Ansermanuevo,Valle,6521,Iván Duque
Ansermanuevo,Valle,1339,Gustavo Petro
Argelia,Valle,2208,Iván Duque
Argelia,Valle,417,Gustavo Petro
Bolivar,Valle,4876,Iván Duque
Bolivar,Valle,1686,Gustavo Petro
Buenaventura,Valle,23166,Iván Duque
Buenaventura,Valle,62156,Gustavo Petro
Buga,Valle,22870,Iván Duque
Buga,Valle,28853,Gustavo Petro
Bugalagrande,Valle,3812,Iván Duque
Bugalagrande,Valle,5912,Gustavo Petro
Caicedonia,Valle,9735,Iván Duque
Caicedonia,Valle,3250,Gustavo Petro
Cali,Valle,352766,Iván Duque
Cali,Valle,446477,Gustavo Petro
Calima (darien),Valle,3610,Iván Duque
Calima (darien),Valle,2639,Gustavo Petro
Candelaria,Valle,11036,Iván Duque
Candelaria,Valle,22353,Gustavo Petro
Cartago,Valle,34528,Iván Duque
Cartago,Valle,17201,Gustavo Petro
Dagua,Valle,10429,Iván Duque
Dagua,Valle,5100,Gustavo Petro
El Aguila,Valle,3278,Iván Duque
El Aguila,Valle,546,Gustavo Petro
El Cairo,Valle,2325,Iván Duque
El Cairo,Valle,464,Gustavo Petro
El Cerrito,Valle,8416,Iván Duque
El Cerrito,Valle,17011,Gustavo Petro
El Dovio,Valle,3313,Iván Duque
El Dovio,Valle,1219,Gustavo Petro
Florida,Valle,7199,Iván Duque
Florida,Valle,17390,Gustavo Petro
Ginebra,Valle,4728,Iván Duque
Ginebra,Valle,4026,Gustavo Petro
Guacari,Valle,5194,Iván Duque
Guacari,Valle,8922,Gustavo Petro
Jamundi,Valle,19586,Iván Duque
Jamundi,Valle,28513,Gustavo Petro
La Cumbre,Valle,3711,Iván Duque
La Cumbre,Valle,2256,Gustavo Petro
La Union,Valle,11363,Iván Duque
La Union,Valle,3061,Gustavo Petro
La Victoria,Valle,4276,Iván Duque
La Victoria,Valle,1345,Gustavo Petro
Obando,Valle,2753,Iván Duque
Obando,Valle,2243,Gustavo Petro
Palmira,Valle,51138,Iván Duque
Palmira,Valle,74398,Gustavo Petro
Pradera,Valle,6665,Iván Duque
Pradera,Valle,12272,Gustavo Petro
Restrepo,Valle,4065,Iván Duque
Restrepo,Valle,2051,Gustavo Petro
Riofrio,Valle,4673,Iván Duque
Riofrio,Valle,2546,Gustavo Petro
Roldanillo,Valle,10046,Iván Duque
Roldanillo,Valle,5064,Gustavo Petro
San Pedro,Valle,3625,Iván Duque
San Pedro,Valle,3152,Gustavo Petro
Sevilla,Valle,10702,Iván Duque
Sevilla,Valle,5554,Gustavo Petro
Toro,Valle,4479,Iván Duque
Toro,Valle,1167,Gustavo Petro
Trujillo,Valle,5760,Iván Duque
Trujillo,Valle,1909,Gustavo Petro
Tulua,Valle,43623,Iván Duque
Tulua,Valle,35639,Gustavo Petro
Ulloa,Valle,1367,Iván Duque
Ulloa,Valle,608,Gustavo Petro
Versalles,Valle,2985,Iván Duque
Versalles,Valle,632,Gustavo Petro
Vijes,Valle,2773,Iván Duque
Vijes,Valle,2347,Gustavo Petro
Yotoco,Valle,3214,Iván Duque
Yotoco,Valle,3109,Gustavo Petro
Yumbo,Valle,15805,Iván Duque
Yumbo,Valle,32729,Gustavo Petro
Zarzal,Valle,6709,Iván Duque
Zarzal,Valle,11284,Gustavo Petro
Buenos Aires (pacoa),Vaupes,73,Iván Duque
Buenos Aires (pacoa),Vaupes,92,Gustavo Petro
Caruru,Vaupes,252,Iván Duque
Caruru,Vaupes,406,Gustavo Petro
Mitu,Vaupes,2447,Iván Duque
Mitu,Vaupes,3898,Gustavo Petro
Morichal (papunagua),Vaupes,8,Iván Duque
Morichal (papunagua),Vaupes,20,Gustavo Petro
Taraira,Vaupes,155,Iván Duque
Taraira,Vaupes,197,Gustavo Petro
Yavarate,Vaupes,161,Iván Duque
Yavarate,Vaupes,146,Gustavo Petro
Cumaribo,Vichada,1467,Iván Duque
Cumaribo,Vichada,3053,Gustavo Petro
La Primavera,Vichada,2768,Iván Duque
La Primavera,Vichada,461,Gustavo Petro
Puerto Carreño,Vichada,4721,Iván Duque
Puerto Carreño,Vichada,1580,Gustavo Petro
Santa Rosalia,Vichada,1216,Iván Duque
Santa Rosalia,Vichada,210,Gustavo Petro
